pred_id,made_on,symbol,close_at_pred,proba,pred_dir,signals,status,actual_close,fwd_ret,correct
2026-04-23_ASTRAMICRO,2026-04-23,ASTRAMICRO,1135.55,0.6887,Bullish,[],validated,1123.75,-0.0104,False
2026-04-23_BDL,2026-04-23,BDL,1423.3,0.6399,Bullish,[],validated,1400.4,-0.0161,False
2026-04-23_BEL,2026-04-23,BEL,449.95,0.549,Bullish,[],validated,444.45,-0.0122,False
2026-04-23_BEML,2026-04-23,BEML,1828.68,0.6601,Bullish,[],validated,1790.03,-0.0211,False
2026-04-23_COCHINSHIP,2026-04-23,COCHINSHIP,1592.8,0.6762,Bullish,[],validated,1664.7,0.0451,True
2026-04-23_DATAPATTNS,2026-04-23,DATAPATTNS,4135.1,0.7513,Bullish,[],validated,4077.7,-0.0139,False
2026-04-23_DYNAMATECH,2026-04-23,DYNAMATECH,11677.5,0.6067,Bullish,[],validated,11829.5,0.013,True
2026-04-23_GRSE,2026-04-23,GRSE,2879.6,0.69,Bullish,[],validated,2878.7,-0.0003,False
2026-04-23_HAL,2026-04-23,HAL,4352.5,0.7482,Bullish,[],validated,4265.8,-0.0199,False
2026-04-23_HBLENGINE,2026-04-23,HBLENGINE,810.35,0.6897,Bullish,[],validated,798.35,-0.0148,False
2026-04-23_IDEAFORGE,2026-04-23,IDEAFORGE,528.8,0.687,Bullish,[],validated,515.3,-0.0255,False
2026-04-23_MAZDOCK,2026-04-23,MAZDOCK,2693.8,0.7018,Bullish,[],validated,2680.4,-0.005,False
2026-04-23_MTARTECH,2026-04-23,MTARTECH,5347.5,0.6102,Bullish,[],validated,5139.2,-0.039,False
2026-04-23_PARAS,2026-04-23,PARAS,829.6,0.7319,Bullish,[],validated,800.55,-0.035,False
2026-04-23_SOLARINDS,2026-04-23,SOLARINDS,15747.0,0.6468,Bullish,[],validated,15056.0,-0.0439,False
2026-04-23_ZENTEC,2026-04-23,ZENTEC,1721.2,0.6514,Bullish,[],validated,1674.4,-0.0272,False
2026-04-24_ASTRAMICRO,2026-04-24,ASTRAMICRO,1123.75,0.5393,Bullish,[],validated,1138.35,0.013,True
2026-04-24_BDL,2026-04-24,BDL,1400.4,0.5099,Bullish,[],validated,1391.3,-0.0065,False
2026-04-24_BEL,2026-04-24,BEL,444.45,0.4559,Bearish,[],validated,435.6,-0.0199,True
2026-04-24_BEML,2026-04-24,BEML,1790.03,0.4292,Bearish,[],validated,1819.29,0.0163,False
2026-04-24_COCHINSHIP,2026-04-24,COCHINSHIP,1664.7,0.3909,Bearish,[],validated,1679.3,0.0088,False
2026-04-24_DATAPATTNS,2026-04-24,DATAPATTNS,4077.7,0.5812,Bullish,[],validated,3960.1,-0.0288,False
2026-04-24_DYNAMATECH,2026-04-24,DYNAMATECH,11829.5,0.3752,Bearish,[],validated,12417.0,0.0497,False
2026-04-24_GRSE,2026-04-24,GRSE,2878.7,0.4426,Bearish,[],validated,2851.4,-0.0095,True
2026-04-24_HAL,2026-04-24,HAL,4265.8,0.571,Bullish,[],validated,4310.3,0.0104,True
2026-04-24_HBLENGINE,2026-04-24,HBLENGINE,798.35,0.5429,Bullish,[],validated,809.6,0.0141,True
2026-04-24_IDEAFORGE,2026-04-24,IDEAFORGE,515.3,0.363,Bearish,[],validated,549.9,0.0671,False
2026-04-24_MAZDOCK,2026-04-24,MAZDOCK,2680.4,0.5042,Bullish,[],validated,2684.0,0.0013,True
2026-04-24_MTARTECH,2026-04-24,MTARTECH,5139.2,0.5215,Bullish,[],validated,5303.0,0.0319,True
2026-04-24_PARAS,2026-04-24,PARAS,800.55,0.409,Bearish,[],validated,808.1,0.0094,False
2026-04-24_SOLARINDS,2026-04-24,SOLARINDS,15056.0,0.547,Bullish,[],validated,15259.0,0.0135,True
2026-04-24_ZENTEC,2026-04-24,ZENTEC,1674.4,0.4315,Bearish,[],validated,1719.7,0.0271,False
2026-04-27_ASTRAMICRO,2026-04-27,ASTRAMICRO,1138.35,0.6387,Bullish,[],validated,1096.3,-0.0369,False
2026-04-27_BDL,2026-04-27,BDL,1391.3,0.6102,Bullish,[],validated,1396.7,0.0039,True
2026-04-27_BEL,2026-04-27,BEL,435.6,0.5608,Bullish,[],validated,435.75,0.0003,True
2026-04-27_BEML,2026-04-27,BEML,1819.29,0.6071,Bullish,[],validated,1839.56,0.0111,True
2026-04-27_COCHINSHIP,2026-04-27,COCHINSHIP,1679.3,0.5565,Bullish,[],validated,1695.6,0.0097,True
2026-04-27_DATAPATTNS,2026-04-27,DATAPATTNS,3960.1,0.6507,Bullish,[],validated,4059.9,0.0252,True
2026-04-27_DYNAMATECH,2026-04-27,DYNAMATECH,12417.0,0.5782,Bullish,[],validated,11758.5,-0.053,False
2026-04-27_GRSE,2026-04-27,GRSE,2851.4,0.6791,Bullish,[],validated,2875.3,0.0084,True
2026-04-27_HAL,2026-04-27,HAL,4310.3,0.4925,Bearish,[],validated,4341.4,0.0072,False
2026-04-27_HBLENGINE,2026-04-27,HBLENGINE,809.6,0.6122,Bullish,[],validated,800.35,-0.0114,False
2026-04-27_IDEAFORGE,2026-04-27,IDEAFORGE,549.9,0.6758,Bullish,[],validated,567.15,0.0314,True
2026-04-27_MAZDOCK,2026-04-27,MAZDOCK,2684.0,0.576,Bullish,[],validated,2683.3,-0.0003,False
2026-04-27_MTARTECH,2026-04-27,MTARTECH,5303.0,0.7088,Bullish,[],validated,5292.1,-0.0021,False
2026-04-27_PARAS,2026-04-27,PARAS,808.1,0.639,Bullish,[],validated,806.45,-0.002,False
2026-04-27_SOLARINDS,2026-04-27,SOLARINDS,15259.0,0.6573,Bullish,[],validated,15304.0,0.0029,True
2026-04-27_ZENTEC,2026-04-27,ZENTEC,1719.7,0.5913,Bullish,[],validated,1687.7,-0.0186,False
2026-04-28_ASTRAMICRO,2026-04-28,ASTRAMICRO,1096.3,0.5468,Bullish,[],validated,1108.25,0.0109,True
2026-04-28_BDL,2026-04-28,BDL,1396.7,0.522,Bullish,[],validated,1394.1,-0.0019,False
2026-04-28_BEL,2026-04-28,BEL,435.75,0.3064,Bearish,[],validated,437.55,0.0041,False
2026-04-28_BEML,2026-04-28,BEML,1839.56,0.4982,Bearish,[],validated,1827.08,-0.0068,True
2026-04-28_COCHINSHIP,2026-04-28,COCHINSHIP,1695.6,0.4847,Bearish,[],validated,1773.8,0.0461,False
2026-04-28_DATAPATTNS,2026-04-28,DATAPATTNS,4059.9,0.5057,Bullish,[],validated,4118.1,0.0143,True
2026-04-28_DYNAMATECH,2026-04-28,DYNAMATECH,11758.5,0.5253,Bullish,[],validated,11791.0,0.0028,True
2026-04-28_GRSE,2026-04-28,GRSE,2875.3,0.4876,Bearish,[],validated,3072.7,0.0687,False
2026-04-28_HAL,2026-04-28,HAL,4341.4,0.4835,Bearish,[],validated,4351.6,0.0023,False
2026-04-28_HBLENGINE,2026-04-28,HBLENGINE,800.35,0.5329,Bullish,[],validated,810.9,0.0132,True
2026-04-28_IDEAFORGE,2026-04-28,IDEAFORGE,567.15,0.4748,Bearish,[],validated,602.0,0.0614,False
2026-04-28_MAZDOCK,2026-04-28,MAZDOCK,2683.3,0.4322,Bearish,[],validated,2769.7,0.0322,False
2026-04-28_MTARTECH,2026-04-28,MTARTECH,5292.1,0.528,Bullish,[],validated,5656.5,0.0689,True
2026-04-28_PARAS,2026-04-28,PARAS,806.45,0.4434,Bearish,[],validated,811.3,0.006,False
2026-04-28_SOLARINDS,2026-04-28,SOLARINDS,15304.0,0.5233,Bullish,[],validated,15377.0,0.0048,True
2026-04-28_ZENTEC,2026-04-28,ZENTEC,1687.7,0.4808,Bearish,[],validated,1686.0,-0.001,True
2026-04-29_ASTRAMICRO,2026-04-29,ASTRAMICRO,1108.25,0.6747,Bullish,[],validated,1125.2,0.0153,True
2026-04-29_BDL,2026-04-29,BDL,1394.1,0.6387,Bullish,[],validated,1364.1,-0.0215,False
2026-04-29_BEL,2026-04-29,BEL,437.55,0.5998,Bullish,[],validated,431.3,-0.0143,False
2026-04-29_BEML,2026-04-29,BEML,1827.08,0.6823,Bullish,[],validated,1803.71,-0.0128,False
2026-04-29_DATAPATTNS,2026-04-29,DATAPATTNS,4118.1,0.6433,Bullish,[],validated,4081.7,-0.0088,False
2026-04-29_DYNAMATECH,2026-04-29,DYNAMATECH,11791.0,0.7022,Bullish,[],validated,11568.0,-0.0189,False
2026-04-29_GRSE,2026-04-29,GRSE,3072.7,0.5636,Bullish,[],validated,2930.8,-0.0462,False
2026-04-29_HAL,2026-04-29,HAL,4351.6,0.6138,Bullish,[],validated,4338.8,-0.0029,False
2026-04-29_HBLENGINE,2026-04-29,HBLENGINE,810.9,0.6345,Bullish,[],validated,798.5,-0.0153,False
2026-04-29_IDEAFORGE,2026-04-29,IDEAFORGE,602.0,0.6479,Bullish,[],validated,609.2,0.012,True
2026-04-29_MAZDOCK,2026-04-29,MAZDOCK,2769.7,0.6254,Bullish,[],validated,2733.2,-0.0132,False
2026-04-29_MTARTECH,2026-04-29,MTARTECH,5656.5,0.6287,Bullish,[],validated,6457.1,0.1415,True
2026-04-29_PARAS,2026-04-29,PARAS,811.3,0.6542,Bullish,[],validated,794.25,-0.021,False
2026-04-29_SOLARINDS,2026-04-29,SOLARINDS,15377.0,0.6616,Bullish,[],validated,15439.0,0.004,True
2026-04-29_ZENTEC,2026-04-29,ZENTEC,1686.0,0.7235,Bullish,[],validated,1671.1,-0.0088,False
2026-04-30_ASTRAMICRO,2026-04-30,ASTRAMICRO,1125.2,0.5457,Bullish,[],validated,1125.2,0.0,False
2026-04-30_BDL,2026-04-30,BDL,1364.1,0.4887,Bearish,[],validated,1364.1,0.0,True
2026-04-30_BEL,2026-04-30,BEL,431.3,0.4753,Bearish,[],validated,431.3,0.0,True
2026-04-30_BEML,2026-04-30,BEML,1803.71,0.5644,Bullish,[],validated,1803.71,0.0,False
2026-04-30_COCHINSHIP,2026-04-30,COCHINSHIP,1733.4,0.5443,Bullish,[],validated,1733.4,0.0,False
2026-04-30_DATAPATTNS,2026-04-30,DATAPATTNS,4081.7,0.5879,Bullish,[],validated,4081.7,0.0,False
2026-04-30_DYNAMATECH,2026-04-30,DYNAMATECH,11568.0,0.6158,Bullish,[],validated,11481.0,-0.0075,False
2026-04-30_GRSE,2026-04-30,GRSE,2930.8,0.5317,Bullish,[],validated,2930.8,0.0,False
2026-04-30_HAL,2026-04-30,HAL,4338.8,0.4493,Bearish,[],validated,4338.8,0.0,True
2026-04-30_HBLENGINE,2026-04-30,HBLENGINE,798.5,0.5963,Bullish,[],validated,798.5,0.0,False
2026-04-30_IDEAFORGE,2026-04-30,IDEAFORGE,609.2,0.486,Bearish,[],validated,609.2,0.0,True
2026-04-30_MAZDOCK,2026-04-30,MAZDOCK,2733.2,0.5616,Bullish,[],validated,2733.2,0.0,False
2026-04-30_MTARTECH,2026-04-30,MTARTECH,6457.1,0.476,Bearish,[],validated,6457.1,0.0,True
2026-04-30_PARAS,2026-04-30,PARAS,794.25,0.5716,Bullish,[],validated,794.25,0.0,False
2026-04-30_SOLARINDS,2026-04-30,SOLARINDS,15439.0,0.5857,Bullish,[],validated,15439.0,0.0,False
2026-04-30_ZENTEC,2026-04-30,ZENTEC,1671.1,0.5971,Bullish,[],validated,1671.1,0.0,False
2026-05-04_ASTRAMICRO,2026-05-04,ASTRAMICRO,1110.7,0.4415,Bearish,[],validated,1104.1,-0.0059,True
2026-05-04_BDL,2026-05-04,BDL,1372.4,0.3885,Bearish,[],validated,1398.6,0.0191,False
2026-05-04_BEL,2026-05-04,BEL,433.55,0.4002,Bearish,[],validated,433.35,-0.0005,True
2026-05-04_BEML,2026-05-04,BEML,1834.07,0.5009,Bullish,[],validated,1865.73,0.0173,True
2026-05-04_COCHINSHIP,2026-05-04,COCHINSHIP,1719.3,0.5847,Bullish,[],validated,1712.2,-0.0041,False
2026-05-04_DATAPATTNS,2026-05-04,DATAPATTNS,4093.2,0.6061,Bullish,[],validated,4219.9,0.031,True
2026-05-04_DYNAMATECH,2026-05-04,DYNAMATECH,11481.0,0.6539,Bullish,[],validated,12222.0,0.0645,True
2026-05-04_GRSE,2026-05-04,GRSE,2778.3,0.5855,Bullish,[],validated,2916.4,0.0497,True
2026-05-04_HAL,2026-05-04,HAL,4559.5,0.4233,Bearish,[],validated,4610.4,0.0112,False
2026-05-04_HBLENGINE,2026-05-04,HBLENGINE,798.5,0.5173,Bullish,[],validated,800.4,0.0024,True
2026-05-04_IDEAFORGE,2026-05-04,IDEAFORGE,731.0,0.4445,Bearish,[],validated,804.1,0.1,False
2026-05-04_MAZDOCK,2026-05-04,MAZDOCK,2611.6,0.4206,Bearish,[],validated,2633.4,0.0083,False
2026-05-04_MTARTECH,2026-05-04,MTARTECH,6127.5,0.3772,Bearish,[],validated,6266.0,0.0226,False
2026-05-04_PARAS,2026-05-04,PARAS,782.35,0.56,Bullish,[],validated,794.55,0.0156,True
2026-05-04_SOLARINDS,2026-05-04,SOLARINDS,15459.0,0.4289,Bearish,[],validated,15845.0,0.025,False
2026-05-04_ZENTEC,2026-05-04,ZENTEC,1527.8,0.5887,Bullish,[],validated,1523.4,-0.0029,False
2026-05-05_ASTRAMICRO,2026-05-05,ASTRAMICRO,1104.1,0.63,Bullish,[],validated,1088.2,-0.0144,False
2026-05-05_BDL,2026-05-05,BDL,1398.6,0.6266,Bullish,[],validated,1401.5,0.0021,True
2026-05-05_BEL,2026-05-05,BEL,433.35,0.6257,Bullish,[],validated,438.2,0.0112,True
2026-05-05_BEML,2026-05-05,BEML,1865.73,0.5326,Bullish,[],validated,1895.39,0.0159,True
2026-05-05_COCHINSHIP,2026-05-05,COCHINSHIP,1712.2,0.6306,Bullish,[],validated,1753.1,0.0239,True
2026-05-05_DATAPATTNS,2026-05-05,DATAPATTNS,4219.9,0.6275,Bullish,[],validated,4171.5,-0.0115,False
2026-05-05_DYNAMATECH,2026-05-05,DYNAMATECH,12222.0,0.7171,Bullish,[],validated,12383.0,0.0132,True
2026-05-05_GRSE,2026-05-05,GRSE,2916.4,0.6135,Bullish,[],validated,3021.0,0.0359,True
2026-05-05_HAL,2026-05-05,HAL,4610.4,0.493,Bearish,[],validated,4626.9,0.0036,False
2026-05-05_HBLENGINE,2026-05-05,HBLENGINE,800.4,0.6346,Bullish,[],validated,854.65,0.0678,True
2026-05-05_MAZDOCK,2026-05-05,MAZDOCK,2633.4,0.5913,Bullish,[],validated,2644.5,0.0042,True
2026-05-05_MTARTECH,2026-05-05,MTARTECH,6266.0,0.6264,Bullish,[],validated,6286.5,0.0033,True
2026-05-05_PARAS,2026-05-05,PARAS,794.55,0.6832,Bullish,[],validated,805.1,0.0133,True
2026-05-05_ZENTEC,2026-05-05,ZENTEC,1523.4,0.6229,Bullish,[],validated,1567.2,0.0288,True
2026-05-06_ASTRAMICRO,2026-05-06,ASTRAMICRO,1088.2,0.4653,Bearish,[],validated,1162.5,0.0683,False
2026-05-06_BDL,2026-05-06,BDL,1401.5,0.4203,Bearish,[],validated,1466.9,0.0467,False
2026-05-06_BEL,2026-05-06,BEL,438.2,0.4111,Bearish,[],validated,439.45,0.0029,False
2026-05-06_BEML,2026-05-06,BEML,1895.39,0.4022,Bearish,[],validated,1997.55,0.0539,False
2026-05-06_COCHINSHIP,2026-05-06,COCHINSHIP,1753.1,0.4505,Bearish,[],validated,1814.7,0.0351,False
2026-05-06_DATAPATTNS,2026-05-06,DATAPATTNS,4171.5,0.5852,Bullish,[],validated,4250.1,0.0188,True
2026-05-06_DYNAMATECH,2026-05-06,DYNAMATECH,12383.0,0.5325,Bullish,[],validated,12405.0,0.0018,True
2026-05-06_GRSE,2026-05-06,GRSE,3021.0,0.5153,Bullish,[],validated,3093.8,0.0241,True
2026-05-06_HAL,2026-05-06,HAL,4626.9,0.4231,Bearish,[],validated,4782.1,0.0335,False
2026-05-06_HBLENGINE,2026-05-06,HBLENGINE,854.65,0.4734,Bearish,[],validated,848.2,-0.0075,True
2026-05-06_MAZDOCK,2026-05-06,MAZDOCK,2644.5,0.4234,Bearish,[],validated,2683.3,0.0147,False
2026-05-06_MTARTECH,2026-05-06,MTARTECH,6286.5,0.4921,Bearish,[],validated,6677.0,0.0621,False
2026-05-06_PARAS,2026-05-06,PARAS,805.1,0.5268,Bullish,[],validated,869.5,0.08,True
2026-05-06_SOLARINDS,2026-05-06,SOLARINDS,15740.0,0.4639,Bearish,[],validated,15887.0,0.0093,False
2026-05-06_ZENTEC,2026-05-06,ZENTEC,1567.2,0.511,Bullish,[],validated,1621.6,0.0347,True
2026-05-07_ASTRAMICRO,2026-05-07,ASTRAMICRO,1162.5,0.6183,Bullish,[],validated,1147.4,-0.013,False
2026-05-07_BDL,2026-05-07,BDL,1466.9,0.6063,Bullish,[],validated,1448.6,-0.0125,False
2026-05-07_BEL,2026-05-07,BEL,439.45,0.6497,Bullish,[],validated,439.7,0.0006,True
2026-05-07_BEML,2026-05-07,BEML,1997.55,0.5641,Bullish,[],validated,1948.32,-0.0246,False
2026-05-07_COCHINSHIP,2026-05-07,COCHINSHIP,1814.7,0.5589,Bullish,[],validated,1776.7,-0.0209,False
2026-05-07_DATAPATTNS,2026-05-07,DATAPATTNS,4250.1,0.5722,Bullish,[],validated,4103.4,-0.0345,False
2026-05-07_DYNAMATECH,2026-05-07,DYNAMATECH,12405.0,0.6131,Bullish,[],validated,12530.0,0.0101,True
2026-05-07_GRSE,2026-05-07,GRSE,3093.8,0.6609,Bullish,[],validated,3051.3,-0.0137,False
2026-05-07_HAL,2026-05-07,HAL,4782.1,0.5721,Bullish,[],validated,4788.1,0.0013,True
2026-05-07_HBLENGINE,2026-05-07,HBLENGINE,848.2,0.6668,Bullish,[],validated,848.15,-0.0001,False
2026-05-07_IDEAFORGE,2026-05-07,IDEAFORGE,792.25,0.5733,Bullish,[],validated,814.15,0.0276,True
2026-05-07_MAZDOCK,2026-05-07,MAZDOCK,2683.3,0.6204,Bullish,[],validated,2657.3,-0.0097,False
2026-05-07_MTARTECH,2026-05-07,MTARTECH,6677.0,0.6292,Bullish,[],validated,6470.0,-0.031,False
2026-05-07_PARAS,2026-05-07,PARAS,869.5,0.6136,Bullish,[],validated,866.6,-0.0033,False
2026-05-07_SOLARINDS,2026-05-07,SOLARINDS,15887.0,0.5994,Bullish,[],validated,16105.0,0.0137,True
2026-05-07_ZENTEC,2026-05-07,ZENTEC,1621.6,0.6671,Bullish,[],validated,1625.1,0.0022,True
2026-05-08_ASTRAMICRO,2026-05-08,ASTRAMICRO,1147.4,0.3539,Bearish,[],validated,1135.2,-0.0106,True
2026-05-08_BDL,2026-05-08,BDL,1448.6,0.3715,Bearish,[],validated,1401.3,-0.0327,True
2026-05-08_BEL,2026-05-08,BEL,439.7,0.3024,Bearish,[],validated,431.95,-0.0176,True
2026-05-08_BEML,2026-05-08,BEML,1948.32,0.3967,Bearish,[],validated,1908.17,-0.0206,True
2026-05-08_COCHINSHIP,2026-05-08,COCHINSHIP,1776.7,0.5042,Bullish,[],validated,1716.5,-0.0339,False
2026-05-08_DATAPATTNS,2026-05-08,DATAPATTNS,4103.4,0.5836,Bullish,[],validated,4142.0,0.0094,True
2026-05-08_DYNAMATECH,2026-05-08,DYNAMATECH,12530.0,0.4223,Bearish,[],validated,11322.0,-0.0964,True
2026-05-08_GRSE,2026-05-08,GRSE,3051.3,0.4842,Bearish,[],validated,2941.6,-0.036,True
2026-05-08_HAL,2026-05-08,HAL,4788.1,0.3908,Bearish,[],validated,4756.3,-0.0066,True
2026-05-08_HBLENGINE,2026-05-08,HBLENGINE,848.15,0.3347,Bearish,[],validated,829.7,-0.0218,True
2026-05-08_IDEAFORGE,2026-05-08,IDEAFORGE,814.15,0.4903,Bearish,[],validated,795.2,-0.0233,True
2026-05-08_MAZDOCK,2026-05-08,MAZDOCK,2657.3,0.3599,Bearish,[],validated,2565.8,-0.0344,True
2026-05-08_MTARTECH,2026-05-08,MTARTECH,6470.0,0.5813,Bullish,[],validated,6520.0,0.0077,True
2026-05-08_PARAS,2026-05-08,PARAS,866.6,0.3441,Bearish,[],validated,862.9,-0.0043,True
2026-05-08_SOLARINDS,2026-05-08,SOLARINDS,16105.0,0.3283,Bearish,[],validated,16263.0,0.0098,False
2026-05-08_ZENTEC,2026-05-08,ZENTEC,1625.1,0.3282,Bearish,[],validated,1636.8,0.0072,False
2026-05-11_ASTRAMICRO,2026-05-11,ASTRAMICRO,1135.2,0.4682,Bearish,[],validated,1108.7,-0.0233,True
2026-05-11_BDL,2026-05-11,BDL,1401.3,0.4841,Bearish,[],validated,1334.2,-0.0479,True
2026-05-11_BEL,2026-05-11,BEL,431.95,0.4839,Bearish,[],validated,416.5,-0.0358,True
2026-05-11_BEML,2026-05-11,BEML,1908.17,0.5085,Bullish,[],validated,1790.53,-0.0617,False
2026-05-11_COCHINSHIP,2026-05-11,COCHINSHIP,1716.5,0.6212,Bullish,[],validated,1616.1,-0.0585,False
2026-05-11_DATAPATTNS,2026-05-11,DATAPATTNS,4142.0,0.6757,Bullish,[],validated,4062.5,-0.0192,False
2026-05-11_DYNAMATECH,2026-05-11,DYNAMATECH,11322.0,0.5968,Bullish,[],validated,10754.0,-0.0502,False
2026-05-11_GRSE,2026-05-11,GRSE,2941.6,0.5216,Bullish,[],validated,2791.3,-0.0511,False
2026-05-11_HAL,2026-05-11,HAL,4756.3,0.4451,Bearish,[],validated,4572.5,-0.0386,True
2026-05-11_HBLENGINE,2026-05-11,HBLENGINE,829.7,0.4554,Bearish,[],validated,782.25,-0.0572,True
2026-05-11_IDEAFORGE,2026-05-11,IDEAFORGE,795.2,0.5282,Bullish,[],validated,732.6,-0.0787,False
2026-05-11_MAZDOCK,2026-05-11,MAZDOCK,2565.8,0.4904,Bearish,[],validated,2443.8,-0.0475,True
2026-05-11_MTARTECH,2026-05-11,MTARTECH,6520.0,0.6733,Bullish,[],validated,6248.5,-0.0416,False
2026-05-11_PARAS,2026-05-11,PARAS,862.9,0.4858,Bearish,[],validated,800.6,-0.0722,True
2026-05-11_SOLARINDS,2026-05-11,SOLARINDS,16263.0,0.4487,Bearish,[],validated,15585.0,-0.0417,True
2026-05-11_ZENTEC,2026-05-11,ZENTEC,1636.8,0.4782,Bearish,[],validated,1587.0,-0.0304,True
2026-05-12_ASTRAMICRO,2026-05-12,ASTRAMICRO,1108.7,0.4184,Bearish,[],validated,1111.2,0.0023,False
2026-05-12_BDL,2026-05-12,BDL,1334.2,0.481,Bearish,[],validated,1360.3,0.0196,False
2026-05-12_BEL,2026-05-12,BEL,416.5,0.5005,Bullish,[],validated,428.25,0.0282,True
2026-05-12_BEML,2026-05-12,BEML,1790.53,0.4763,Bearish,[],validated,1846.35,0.0312,False
2026-05-12_COCHINSHIP,2026-05-12,COCHINSHIP,1616.1,0.5794,Bullish,[],validated,1653.1,0.0229,True
2026-05-12_DATAPATTNS,2026-05-12,DATAPATTNS,4062.5,0.6078,Bullish,[],validated,4196.2,0.0329,True
2026-05-12_DYNAMATECH,2026-05-12,DYNAMATECH,10754.0,0.7341,Bullish,[],validated,10714.0,-0.0037,False
2026-05-12_GRSE,2026-05-12,GRSE,2791.3,0.6466,Bullish,[],validated,2853.4,0.0222,True
2026-05-12_HAL,2026-05-12,HAL,4572.5,0.4426,Bearish,[],validated,4618.5,0.0101,False
2026-05-12_HBLENGINE,2026-05-12,HBLENGINE,782.25,0.4701,Bearish,[],validated,783.6,0.0017,False
2026-05-12_IDEAFORGE,2026-05-12,IDEAFORGE,732.6,0.5853,Bullish,[],validated,771.1,0.0526,True
2026-05-12_MAZDOCK,2026-05-12,MAZDOCK,2443.8,0.5766,Bullish,[],validated,2518.5,0.0306,True
2026-05-12_MTARTECH,2026-05-12,MTARTECH,6248.5,0.7016,Bullish,[],validated,6763.5,0.0824,True
2026-05-12_PARAS,2026-05-12,PARAS,800.6,0.4773,Bearish,[],validated,794.05,-0.0082,True
2026-05-12_SOLARINDS,2026-05-12,SOLARINDS,15585.0,0.5401,Bullish,[],validated,15787.0,0.013,True
2026-05-12_ZENTEC,2026-05-12,ZENTEC,1587.0,0.5931,Bullish,[],validated,1584.2,-0.0018,False
2026-05-13_ASTRAMICRO,2026-05-13,ASTRAMICRO,1111.2,0.549,Bullish,[],validated,1112.0,0.0007,True
2026-05-13_BDL,2026-05-13,BDL,1360.3,0.6703,Bullish,[],validated,1353.1,-0.0053,False
2026-05-13_BEL,2026-05-13,BEL,428.25,0.6295,Bullish,[],validated,428.85,0.0014,True
2026-05-13_BEML,2026-05-13,BEML,1846.35,0.6247,Bullish,[],validated,1830.97,-0.0083,False
2026-05-13_COCHINSHIP,2026-05-13,COCHINSHIP,1653.1,0.6494,Bullish,[],validated,1645.2,-0.0048,False
2026-05-13_DATAPATTNS,2026-05-13,DATAPATTNS,4196.2,0.6635,Bullish,[],validated,4010.5,-0.0443,False
2026-05-13_DYNAMATECH,2026-05-13,DYNAMATECH,10714.0,0.7237,Bullish,[],validated,10872.0,0.0147,True
2026-05-13_GRSE,2026-05-13,GRSE,2853.4,0.6577,Bullish,[],validated,2705.4,-0.0519,False
2026-05-13_HAL,2026-05-13,HAL,4618.5,0.6067,Bullish,[],validated,4608.0,-0.0023,False
2026-05-13_HBLENGINE,2026-05-13,HBLENGINE,783.6,0.679,Bullish,[],validated,784.4,0.001,True
2026-05-13_IDEAFORGE,2026-05-13,IDEAFORGE,771.1,0.6989,Bullish,[],validated,848.2,0.1,True
2026-05-13_MAZDOCK,2026-05-13,MAZDOCK,2518.5,0.6374,Bullish,[],validated,2522.8,0.0017,True
2026-05-13_MTARTECH,2026-05-13,MTARTECH,6763.5,0.6134,Bullish,[],validated,7588.0,0.1219,True
2026-05-13_PARAS,2026-05-13,PARAS,794.05,0.645,Bullish,[],validated,783.15,-0.0137,False
2026-05-13_SOLARINDS,2026-05-13,SOLARINDS,15787.0,0.6424,Bullish,[],validated,16665.0,0.0556,True
2026-05-13_ZENTEC,2026-05-13,ZENTEC,1584.2,0.6058,Bullish,[],validated,1559.0,-0.0159,False
2026-05-14_ASTRAMICRO,2026-05-14,ASTRAMICRO,1112.0,0.4809,Bearish,[],validated,1106.6,-0.0049,True
2026-05-14_BDL,2026-05-14,BDL,1353.1,0.4535,Bearish,[],validated,1325.4,-0.0205,True
2026-05-14_BEL,2026-05-14,BEL,428.85,0.45,Bearish,[],validated,423.65,-0.0121,True
2026-05-14_BEML,2026-05-14,BEML,1830.97,0.4446,Bearish,[],validated,1785.73,-0.0247,True
2026-05-14_COCHINSHIP,2026-05-14,COCHINSHIP,1645.2,0.4735,Bearish,[],validated,1594.5,-0.0308,True
2026-05-14_DATAPATTNS,2026-05-14,DATAPATTNS,4010.5,0.4882,Bearish,[],validated,3876.5,-0.0334,True
2026-05-14_DYNAMATECH,2026-05-14,DYNAMATECH,10872.0,0.5383,Bullish,[],validated,10736.0,-0.0125,False
2026-05-14_GRSE,2026-05-14,GRSE,2705.4,0.4494,Bearish,[],validated,2685.9,-0.0072,True
2026-05-14_HAL,2026-05-14,HAL,4608.0,0.4338,Bearish,[],validated,4386.2,-0.0481,True
2026-05-14_HBLENGINE,2026-05-14,HBLENGINE,784.4,0.4759,Bearish,[],validated,771.95,-0.0159,True
2026-05-14_IDEAFORGE,2026-05-14,IDEAFORGE,848.2,0.5244,Bullish,[],validated,818.7,-0.0348,False
2026-05-14_MAZDOCK,2026-05-14,MAZDOCK,2522.8,0.4214,Bearish,[],validated,2481.8,-0.0163,True
2026-05-14_MTARTECH,2026-05-14,MTARTECH,7588.0,0.4486,Bearish,[],validated,7234.0,-0.0467,True
2026-05-14_PARAS,2026-05-14,PARAS,783.15,0.4679,Bearish,[],validated,753.4,-0.038,True
2026-05-14_SOLARINDS,2026-05-14,SOLARINDS,16665.0,0.4016,Bearish,[],validated,17314.0,0.0389,False
2026-05-14_ZENTEC,2026-05-14,ZENTEC,1559.0,0.4057,Bearish,[],validated,1554.9,-0.0026,True
2026-05-15_ASTRAMICRO,2026-05-15,ASTRAMICRO,1106.6,0.3862,Bearish,[],validated,1087.2,-0.0175,True
2026-05-15_BDL,2026-05-15,BDL,1325.4,0.4192,Bearish,[],validated,1309.2,-0.0122,True
2026-05-15_BEL,2026-05-15,BEL,423.65,0.3742,Bearish,[],validated,426.6,0.007,False
2026-05-15_BEML,2026-05-15,BEML,1785.73,0.4006,Bearish,[],validated,1765.06,-0.0116,True
2026-05-15_COCHINSHIP,2026-05-15,COCHINSHIP,1594.5,0.3511,Bearish,[],validated,1513.5,-0.0508,True
2026-05-15_DATAPATTNS,2026-05-15,DATAPATTNS,3876.5,0.462,Bearish,[],validated,3752.2,-0.0321,True
2026-05-15_DYNAMATECH,2026-05-15,DYNAMATECH,10736.0,0.4893,Bearish,[],validated,10613.0,-0.0115,True
2026-05-15_GRSE,2026-05-15,GRSE,2685.9,0.4836,Bearish,[],validated,2581.7,-0.0388,True
2026-05-15_HAL,2026-05-15,HAL,4386.2,0.3995,Bearish,[],validated,4326.5,-0.0136,True
2026-05-15_HBLENGINE,2026-05-15,HBLENGINE,771.95,0.4454,Bearish,[],validated,745.8,-0.0339,True
2026-05-15_IDEAFORGE,2026-05-15,IDEAFORGE,818.7,0.4067,Bearish,[],validated,817.7,-0.0012,True
2026-05-15_MAZDOCK,2026-05-15,MAZDOCK,2481.8,0.3888,Bearish,[],validated,2444.3,-0.0151,True
2026-05-15_MTARTECH,2026-05-15,MTARTECH,7234.0,0.3628,Bearish,[],validated,7110.5,-0.0171,True
2026-05-15_PARAS,2026-05-15,PARAS,753.4,0.3989,Bearish,[],validated,743.55,-0.0131,True
2026-05-15_SOLARINDS,2026-05-15,SOLARINDS,17314.0,0.3847,Bearish,[],validated,18019.0,0.0407,False
2026-05-15_ZENTEC,2026-05-15,ZENTEC,1554.9,0.3227,Bearish,[],validated,1557.0,0.0014,False
2026-05-18_ASTRAMICRO,2026-05-18,ASTRAMICRO,1087.2,0.4851,Bearish,[],validated,1092.7,0.0051,False
2026-05-18_BDL,2026-05-18,BDL,1309.2,0.5623,Bullish,[],validated,1311.8,0.002,True
2026-05-18_BEL,2026-05-18,BEL,426.6,0.5128,Bullish,[],validated,422.95,-0.0086,False
2026-05-18_BEML,2026-05-18,BEML,1765.06,0.5138,Bullish,[],validated,1823.98,0.0334,True
2026-05-18_COCHINSHIP,2026-05-18,COCHINSHIP,1513.5,0.6356,Bullish,[],validated,1489.6,-0.0158,False
2026-05-18_DATAPATTNS,2026-05-18,DATAPATTNS,3752.2,0.5392,Bullish,[],validated,3634.5,-0.0314,False
2026-05-18_DYNAMATECH,2026-05-18,DYNAMATECH,10613.0,0.5959,Bullish,[],validated,10864.0,0.0237,True
2026-05-18_GRSE,2026-05-18,GRSE,2581.7,0.564,Bullish,[],validated,2658.5,0.0297,True
2026-05-18_HAL,2026-05-18,HAL,4326.5,0.59,Bullish,[],validated,4333.2,0.0015,True
2026-05-18_HBLENGINE,2026-05-18,HBLENGINE,745.8,0.5685,Bullish,[],validated,752.2,0.0086,True
2026-05-18_IDEAFORGE,2026-05-18,IDEAFORGE,817.7,0.5823,Bullish,[],validated,776.85,-0.05,False
2026-05-18_MAZDOCK,2026-05-18,MAZDOCK,2444.3,0.5446,Bullish,[],validated,2422.8,-0.0088,False
2026-05-18_MTARTECH,2026-05-18,MTARTECH,7110.5,0.6229,Bullish,[],validated,6810.0,-0.0423,False
2026-05-18_PARAS,2026-05-18,PARAS,743.55,0.5531,Bullish,[],validated,763.1,0.0263,True
2026-05-18_SOLARINDS,2026-05-18,SOLARINDS,18019.0,0.5422,Bullish,[],validated,18116.0,0.0054,True
2026-05-18_ZENTEC,2026-05-18,ZENTEC,1557.0,0.508,Bullish,[],validated,1564.5,0.0048,True
2026-05-19_ASTRAMICRO,2026-05-19,ASTRAMICRO,1092.7,0.3784,Bearish,[],validated,1154.1,0.0562,False
2026-05-19_BDL,2026-05-19,BDL,1311.8,0.4357,Bearish,[],validated,1303.8,-0.0061,True
2026-05-19_BEL,2026-05-19,BEL,422.95,0.4424,Bearish,[],validated,413.3,-0.0228,True
2026-05-19_BEML,2026-05-19,BEML,1823.98,0.4289,Bearish,[],validated,1826.38,0.0013,False
2026-05-19_COCHINSHIP,2026-05-19,COCHINSHIP,1489.6,0.4613,Bearish,[],validated,1507.8,0.0122,False
2026-05-19_DATAPATTNS,2026-05-19,DATAPATTNS,3634.5,0.4922,Bearish,[],validated,3834.1,0.0549,False
2026-05-19_DYNAMATECH,2026-05-19,DYNAMATECH,10864.0,0.3968,Bearish,[],validated,10441.0,-0.0389,True
2026-05-19_GRSE,2026-05-19,GRSE,2658.5,0.3973,Bearish,[],validated,2647.4,-0.0042,True
2026-05-19_HAL,2026-05-19,HAL,4333.2,0.4776,Bearish,[],validated,4326.5,-0.0015,True
2026-05-19_HBLENGINE,2026-05-19,HBLENGINE,752.2,0.4609,Bearish,[],validated,767.65,0.0205,False
2026-05-19_IDEAFORGE,2026-05-19,IDEAFORGE,776.85,0.4194,Bearish,[],validated,753.35,-0.0303,True
2026-05-19_MAZDOCK,2026-05-19,MAZDOCK,2422.8,0.4438,Bearish,[],validated,2437.8,0.0062,False
2026-05-19_MTARTECH,2026-05-19,MTARTECH,6810.0,0.4539,Bearish,[],validated,7457.0,0.095,False
2026-05-19_PARAS,2026-05-19,PARAS,763.1,0.417,Bearish,[],validated,761.85,-0.0016,True
2026-05-19_SOLARINDS,2026-05-19,SOLARINDS,18116.0,0.4337,Bearish,[],validated,18210.0,0.0052,False
2026-05-19_ZENTEC,2026-05-19,ZENTEC,1564.5,0.4352,Bearish,[],validated,1604.2,0.0254,False
2026-05-20_ASTRAMICRO,2026-05-20,ASTRAMICRO,1154.1,0.4769,Bearish,[],validated,1184.5,0.0263,False
2026-05-20_BDL,2026-05-20,BDL,1303.8,0.4247,Bearish,[],validated,1303.8,0.0,True
2026-05-20_BEL,2026-05-20,BEL,413.3,0.5292,Bullish,[],validated,420.4,0.0172,True
2026-05-20_BEML,2026-05-20,BEML,1826.38,0.451,Bearish,[],validated,1839.06,0.0069,False
2026-05-20_COCHINSHIP,2026-05-20,COCHINSHIP,1507.8,0.3891,Bearish,[],validated,1531.0,0.0154,False
2026-05-20_DATAPATTNS,2026-05-20,DATAPATTNS,3834.1,0.3863,Bearish,[],validated,3934.5,0.0262,False
2026-05-20_DYNAMATECH,2026-05-20,DYNAMATECH,10441.0,0.5089,Bullish,[],validated,10933.0,0.0471,True
2026-05-20_GRSE,2026-05-20,GRSE,2647.4,0.4505,Bearish,[],validated,2690.6,0.0163,False
2026-05-20_HAL,2026-05-20,HAL,4326.5,0.4653,Bearish,[],validated,4370.4,0.0101,False
2026-05-20_HBLENGINE,2026-05-20,HBLENGINE,767.65,0.4036,Bearish,[],validated,784.3,0.0217,False
2026-05-20_IDEAFORGE,2026-05-20,IDEAFORGE,753.35,0.5201,Bullish,[],validated,739.0,-0.019,False
2026-05-20_MAZDOCK,2026-05-20,MAZDOCK,2437.8,0.4108,Bearish,[],validated,2454.8,0.007,False
2026-05-20_MTARTECH,2026-05-20,MTARTECH,7457.0,0.4766,Bearish,[],validated,7947.5,0.0658,False
2026-05-20_PARAS,2026-05-20,PARAS,761.85,0.3784,Bearish,[],validated,790.7,0.0379,False
2026-05-20_SOLARINDS,2026-05-20,SOLARINDS,18210.0,0.4739,Bearish,[],validated,18392.0,0.01,False
2026-05-20_ZENTEC,2026-05-20,ZENTEC,1604.2,0.4541,Bearish,[],validated,1603.8,-0.0002,True
2026-05-21_ASTRAMICRO,2026-05-21,ASTRAMICRO,1184.5,0.5231,Bullish,[],validated,1174.9,-0.0081,False
2026-05-21_BDL,2026-05-21,BDL,1303.8,0.5195,Bullish,[],validated,1312.5,0.0067,True
2026-05-21_BEL,2026-05-21,BEL,420.4,0.565,Bullish,[],validated,416.55,-0.0092,False
2026-05-21_BEML,2026-05-21,BEML,1839.06,0.5289,Bullish,[],validated,1827.88,-0.0061,False
2026-05-21_COCHINSHIP,2026-05-21,COCHINSHIP,1531.0,0.5175,Bullish,[],validated,1532.1,0.0007,True
2026-05-21_DATAPATTNS,2026-05-21,DATAPATTNS,3934.5,0.5705,Bullish,[],validated,3969.7,0.0089,True
2026-05-21_DYNAMATECH,2026-05-21,DYNAMATECH,10933.0,0.5656,Bullish,[],validated,11170.0,0.0217,True
2026-05-21_GRSE,2026-05-21,GRSE,2690.6,0.5199,Bullish,[],validated,2694.0,0.0013,True
2026-05-21_HAL,2026-05-21,HAL,4370.4,0.5006,Bullish,[],validated,4368.4,-0.0005,False
2026-05-21_HBLENGINE,2026-05-21,HBLENGINE,784.3,0.5512,Bullish,[],validated,774.65,-0.0123,False
2026-05-21_IDEAFORGE,2026-05-21,IDEAFORGE,739.0,0.5622,Bullish,[],validated,775.95,0.05,True
2026-05-21_MAZDOCK,2026-05-21,MAZDOCK,2454.8,0.4846,Bearish,[],validated,2469.1,0.0058,False
2026-05-21_MTARTECH,2026-05-21,MTARTECH,7947.5,0.4816,Bearish,[],validated,8075.5,0.0161,False
2026-05-21_PARAS,2026-05-21,PARAS,790.7,0.5999,Bullish,[],validated,812.0,0.0269,True
2026-05-21_ZENTEC,2026-05-21,ZENTEC,1603.8,0.5357,Bullish,[],validated,1593.1,-0.0067,False
2026-05-22_ASTRAMICRO,2026-05-22,ASTRAMICRO,1174.9,0.4728,Bearish,[],validated,1235.6,0.0517,False
2026-05-22_BDL,2026-05-22,BDL,1312.5,0.4777,Bearish,[],validated,1326.1,0.0104,False
2026-05-22_BEL,2026-05-22,BEL,416.55,0.3869,Bearish,[],validated,421.85,0.0127,False
2026-05-22_BEML,2026-05-22,BEML,1827.88,0.4576,Bearish,[],validated,1821.39,-0.0036,True
2026-05-22_COCHINSHIP,2026-05-22,COCHINSHIP,1532.1,0.437,Bearish,[],validated,1529.0,-0.002,True
2026-05-22_DATAPATTNS,2026-05-22,DATAPATTNS,3969.7,0.4425,Bearish,[],validated,4096.0,0.0318,False
2026-05-22_DYNAMATECH,2026-05-22,DYNAMATECH,11170.0,0.5275,Bullish,[],validated,11306.0,0.0122,True
2026-05-22_GRSE,2026-05-22,GRSE,2694.0,0.4562,Bearish,[],validated,2675.7,-0.0068,True
2026-05-22_HAL,2026-05-22,HAL,4368.4,0.4699,Bearish,[],validated,4425.9,0.0132,False
2026-05-22_HBLENGINE,2026-05-22,HBLENGINE,774.65,0.4494,Bearish,[],validated,758.7,-0.0206,True
2026-05-22_IDEAFORGE,2026-05-22,IDEAFORGE,775.95,0.4611,Bearish,[],validated,814.7,0.0499,False
2026-05-22_MAZDOCK,2026-05-22,MAZDOCK,2469.1,0.4056,Bearish,[],validated,2470.2,0.0004,False
2026-05-22_MTARTECH,2026-05-22,MTARTECH,8075.5,0.3943,Bearish,[],validated,7951.0,-0.0154,True
2026-05-22_PARAS,2026-05-22,PARAS,812.0,0.4808,Bearish,[],validated,855.75,0.0539,False
2026-05-22_SOLARINDS,2026-05-22,SOLARINDS,18132.0,0.5581,Bullish,[],validated,18377.0,0.0135,True
2026-05-22_ZENTEC,2026-05-22,ZENTEC,1593.1,0.4782,Bearish,[],validated,1608.0,0.0094,False
2026-05-25_ASTRAMICRO,2026-05-25,ASTRAMICRO,1235.6,0.4577,Bearish,[],validated,1357.0,0.0983,False
2026-05-25_BDL,2026-05-25,BDL,1326.1,0.4446,Bearish,[],validated,1329.9,0.0029,False
2026-05-25_BEL,2026-05-25,BEL,421.85,0.4235,Bearish,[],validated,420.1,-0.0041,True
2026-05-25_BEML,2026-05-25,BEML,1821.39,0.4166,Bearish,[],validated,1842.26,0.0115,False
2026-05-25_COCHINSHIP,2026-05-25,COCHINSHIP,1529.0,0.4098,Bearish,[],validated,1526.2,-0.0018,True
2026-05-25_DATAPATTNS,2026-05-25,DATAPATTNS,4096.0,0.4892,Bearish,[],validated,4101.7,0.0014,False
2026-05-25_DYNAMATECH,2026-05-25,DYNAMATECH,11306.0,0.4834,Bearish,[],validated,11017.0,-0.0256,True
2026-05-25_GRSE,2026-05-25,GRSE,2675.7,0.4206,Bearish,[],validated,2662.5,-0.0049,True
2026-05-25_HAL,2026-05-25,HAL,4425.9,0.4169,Bearish,[],validated,4427.7,0.0004,False
2026-05-25_HBLENGINE,2026-05-25,HBLENGINE,758.7,0.4325,Bearish,[],validated,799.45,0.0537,False
2026-05-25_IDEAFORGE,2026-05-25,IDEAFORGE,814.7,0.6643,Bullish,[],validated,855.4,0.05,True
2026-05-25_MAZDOCK,2026-05-25,MAZDOCK,2470.2,0.4123,Bearish,[],validated,2460.1,-0.0041,True
2026-05-25_MTARTECH,2026-05-25,MTARTECH,7951.0,0.4863,Bearish,[],validated,7878.0,-0.0092,True
2026-05-25_PARAS,2026-05-25,PARAS,855.75,0.438,Bearish,[],validated,858.15,0.0028,False
2026-05-25_SOLARINDS,2026-05-25,SOLARINDS,18377.0,0.6042,Bullish,[],validated,18479.0,0.0056,True
2026-05-25_ZENTEC,2026-05-25,ZENTEC,1608.0,0.4526,Bearish,[],validated,1602.8,-0.0032,True
2026-05-26_ASTRAMICRO,2026-05-26,ASTRAMICRO,1357.0,0.5396,Bullish,[],validated,1397.4,0.0298,True
2026-05-26_BDL,2026-05-26,BDL,1329.9,0.4293,Bearish,[],validated,1282.2,-0.0359,True
2026-05-26_BEL,2026-05-26,BEL,420.1,0.4673,Bearish,[],validated,419.1,-0.0024,True
2026-05-26_BEML,2026-05-26,BEML,1842.26,0.4785,Bearish,[],validated,1830.17,-0.0066,True
2026-05-26_COCHINSHIP,2026-05-26,COCHINSHIP,1526.2,0.4201,Bearish,[],validated,1523.9,-0.0015,True
2026-05-26_DATAPATTNS,2026-05-26,DATAPATTNS,4101.7,0.5104,Bullish,[],validated,4139.2,0.0091,True
2026-05-26_DYNAMATECH,2026-05-26,DYNAMATECH,11017.0,0.5058,Bullish,[],validated,10668.0,-0.0317,False
2026-05-26_GRSE,2026-05-26,GRSE,2662.5,0.4027,Bearish,[],validated,2651.5,-0.0041,True
2026-05-26_HAL,2026-05-26,HAL,4427.7,0.4362,Bearish,[],validated,4413.0,-0.0033,True
2026-05-26_HBLENGINE,2026-05-26,HBLENGINE,799.45,0.4191,Bearish,[],validated,817.5,0.0226,False
2026-05-26_IDEAFORGE,2026-05-26,IDEAFORGE,855.4,0.6032,Bullish,[],validated,845.3,-0.0118,False
2026-05-26_MAZDOCK,2026-05-26,MAZDOCK,2460.1,0.4519,Bearish,[],validated,2455.1,-0.002,True
2026-05-26_MTARTECH,2026-05-26,MTARTECH,7878.0,0.5422,Bullish,[],validated,7889.5,0.0015,True
2026-05-26_PARAS,2026-05-26,PARAS,858.15,0.4138,Bearish,[],validated,846.65,-0.0134,True
2026-05-26_SOLARINDS,2026-05-26,SOLARINDS,18479.0,0.5941,Bullish,[],validated,18653.0,0.0094,True
2026-05-26_ZENTEC,2026-05-26,ZENTEC,1602.8,0.3838,Bearish,[],validated,1695.5,0.0578,False
2026-05-27_ASTRAMICRO,2026-05-27,ASTRAMICRO,1397.4,0.6246,Bullish,[],validated,1397.4,0.0,False
2026-05-27_BDL,2026-05-27,BDL,1282.2,0.4338,Bearish,[],validated,1282.2,0.0,True
2026-05-27_BEL,2026-05-27,BEL,419.1,0.3505,Bearish,[],validated,419.1,0.0,True
2026-05-27_BEML,2026-05-27,BEML,1830.17,0.4493,Bearish,[],validated,1830.17,0.0,True
2026-05-27_COCHINSHIP,2026-05-27,COCHINSHIP,1523.9,0.432,Bearish,[],validated,1523.9,0.0,True
2026-05-27_DATAPATTNS,2026-05-27,DATAPATTNS,4139.2,0.4013,Bearish,[],validated,4139.2,0.0,True
2026-05-27_DYNAMATECH,2026-05-27,DYNAMATECH,10668.0,0.5472,Bullish,[],validated,10668.0,0.0,False
2026-05-27_GRSE,2026-05-27,GRSE,2651.5,0.498,Bearish,[],validated,2651.5,0.0,True
2026-05-27_HAL,2026-05-27,HAL,4413.0,0.355,Bearish,[],validated,4413.0,0.0,True
2026-05-27_HBLENGINE,2026-05-27,HBLENGINE,817.5,0.4381,Bearish,[],validated,817.5,0.0,True
2026-05-27_IDEAFORGE,2026-05-27,IDEAFORGE,845.3,0.5971,Bullish,[],validated,845.3,0.0,False
2026-05-27_MAZDOCK,2026-05-27,MAZDOCK,2455.1,0.3432,Bearish,[],validated,2455.1,0.0,True
2026-05-27_MTARTECH,2026-05-27,MTARTECH,7889.5,0.514,Bullish,[],validated,7889.5,0.0,False
2026-05-27_PARAS,2026-05-27,PARAS,846.65,0.426,Bearish,[],validated,846.65,0.0,True
2026-05-27_SOLARINDS,2026-05-27,SOLARINDS,18653.0,0.661,Bullish,[],validated,18653.0,0.0,False
2026-05-27_ZENTEC,2026-05-27,ZENTEC,1695.5,0.4478,Bearish,[],validated,1695.5,0.0,True
2026-05-29_ASTRAMICRO,2026-05-29,ASTRAMICRO,1401.7,0.4727,Bearish,[],validated,1316.2,-0.061,True
2026-05-29_BDL,2026-05-29,BDL,1204.6,0.518,Bullish,[],validated,1204.0,-0.0005,False
2026-05-29_BEL,2026-05-29,BEL,410.75,0.397,Bearish,[],validated,407.2,-0.0086,True
2026-05-29_BEML,2026-05-29,BEML,1720.12,0.4801,Bearish,[],validated,1717.82,-0.0013,True
2026-05-29_COCHINSHIP,2026-05-29,COCHINSHIP,1467.4,0.4016,Bearish,[],validated,1429.4,-0.0259,True
2026-05-29_DATAPATTNS,2026-05-29,DATAPATTNS,4043.1,0.3616,Bearish,[],validated,3839.9,-0.0503,True
2026-05-29_DYNAMATECH,2026-05-29,DYNAMATECH,11122.0,0.4754,Bearish,[],validated,10454.0,-0.0601,True
2026-05-29_GRSE,2026-05-29,GRSE,2654.8,0.3387,Bearish,[],validated,2601.6,-0.02,True
2026-05-29_HAL,2026-05-29,HAL,4303.8,0.4203,Bearish,[],validated,4254.1,-0.0115,True
2026-05-29_HBLENGINE,2026-05-29,HBLENGINE,822.6,0.3719,Bearish,[],validated,798.15,-0.0297,True
2026-05-29_IDEAFORGE,2026-05-29,IDEAFORGE,845.0,0.3167,Bearish,[],validated,805.6,-0.0466,True
2026-05-29_MAZDOCK,2026-05-29,MAZDOCK,2456.5,0.328,Bearish,[],validated,2423.1,-0.0136,True
2026-05-29_MTARTECH,2026-05-29,MTARTECH,7879.5,0.5245,Bullish,[],validated,7069.5,-0.1028,False
2026-05-29_PARAS,2026-05-29,PARAS,819.35,0.3944,Bearish,[],validated,814.5,-0.0059,True
2026-05-29_SOLARINDS,2026-05-29,SOLARINDS,18247.0,0.5348,Bullish,[],validated,18203.0,-0.0024,False
2026-05-29_ZENTEC,2026-05-29,ZENTEC,1664.7,0.4113,Bearish,[],validated,1618.8,-0.0276,True
2026-06-01_ASTRAMICRO,2026-06-01,ASTRAMICRO,1316.2,0.6145,Bullish,[],validated,1323.8,0.0058,True
2026-06-01_BDL,2026-06-01,BDL,1204.0,0.4414,Bearish,[],validated,1206.1,0.0017,False
2026-06-01_BEL,2026-06-01,BEL,407.2,0.4333,Bearish,[],validated,407.85,0.0016,False
2026-06-01_BEML,2026-06-01,BEML,1717.82,0.4647,Bearish,[],validated,1727.01,0.0053,False
2026-06-01_COCHINSHIP,2026-06-01,COCHINSHIP,1429.4,0.49,Bearish,[],validated,1467.7,0.0268,False
2026-06-01_DATAPATTNS,2026-06-01,DATAPATTNS,3839.9,0.4242,Bearish,[],validated,4025.2,0.0483,False
2026-06-01_DYNAMATECH,2026-06-01,DYNAMATECH,10454.0,0.5198,Bullish,[],validated,10321.0,-0.0127,False
2026-06-01_GRSE,2026-06-01,GRSE,2601.6,0.3975,Bearish,[],validated,2614.9,0.0051,False
2026-06-01_HAL,2026-06-01,HAL,4254.1,0.4136,Bearish,[],validated,4278.5,0.0057,False
2026-06-01_HBLENGINE,2026-06-01,HBLENGINE,798.15,0.3814,Bearish,[],validated,802.7,0.0057,False
2026-06-01_IDEAFORGE,2026-06-01,IDEAFORGE,805.6,0.4243,Bearish,[],validated,828.9,0.0289,False
2026-06-01_MAZDOCK,2026-06-01,MAZDOCK,2423.1,0.4036,Bearish,[],validated,2444.9,0.009,False
2026-06-01_MTARTECH,2026-06-01,MTARTECH,7069.5,0.5099,Bullish,[],validated,7216.0,0.0207,True
2026-06-01_PARAS,2026-06-01,PARAS,814.5,0.4389,Bearish,[],validated,853.7,0.0481,False
2026-06-01_SOLARINDS,2026-06-01,SOLARINDS,18203.0,0.4533,Bearish,[],validated,18386.0,0.0101,False
2026-06-01_ZENTEC,2026-06-01,ZENTEC,1618.8,0.3967,Bearish,[],validated,1672.4,0.0331,False
2026-06-02_ASTRAMICRO,2026-06-02,ASTRAMICRO,1323.8,0.6121,Bullish,[],validated,1323.7,-0.0001,False
2026-06-02_BDL,2026-06-02,BDL,1206.1,0.4712,Bearish,[],validated,1227.0,0.0173,False
2026-06-02_BEL,2026-06-02,BEL,407.85,0.5252,Bullish,[],validated,406.6,-0.0031,False
2026-06-02_BEML,2026-06-02,BEML,1727.01,0.509,Bullish,[],validated,1754.97,0.0162,True
2026-06-02_COCHINSHIP,2026-06-02,COCHINSHIP,1467.7,0.5382,Bullish,[],validated,1455.7,-0.0082,False
2026-06-02_DATAPATTNS,2026-06-02,DATAPATTNS,4025.2,0.5686,Bullish,[],validated,3990.4,-0.0086,False
2026-06-02_DYNAMATECH,2026-06-02,DYNAMATECH,10321.0,0.5301,Bullish,[],validated,10472.0,0.0146,True
2026-06-02_GRSE,2026-06-02,GRSE,2614.9,0.5197,Bullish,[],validated,2608.2,-0.0026,False
2026-06-02_HAL,2026-06-02,HAL,4278.5,0.5175,Bullish,[],validated,4264.1,-0.0034,False
2026-06-02_HBLENGINE,2026-06-02,HBLENGINE,802.7,0.5042,Bullish,[],validated,786.25,-0.0205,False
2026-06-02_IDEAFORGE,2026-06-02,IDEAFORGE,828.9,0.5371,Bullish,[],validated,857.15,0.0341,True
2026-06-02_MAZDOCK,2026-06-02,MAZDOCK,2444.9,0.5361,Bullish,[],validated,2441.8,-0.0013,False
2026-06-02_MTARTECH,2026-06-02,MTARTECH,7216.0,0.6463,Bullish,[],validated,7468.0,0.0349,True
2026-06-02_PARAS,2026-06-02,PARAS,853.7,0.5174,Bullish,[],validated,839.35,-0.0168,False
2026-06-02_SOLARINDS,2026-06-02,SOLARINDS,18386.0,0.5114,Bullish,[],validated,18577.0,0.0104,True
2026-06-02_ZENTEC,2026-06-02,ZENTEC,1672.4,0.5212,Bullish,[],validated,1688.1,0.0094,True
2026-06-03_ASTRAMICRO,2026-06-03,ASTRAMICRO,1323.7,0.4926,Bearish,[],validated,1377.7,0.0408,False
2026-06-03_BDL,2026-06-03,BDL,1227.0,0.4832,Bearish,[],validated,1212.8,-0.0116,True
2026-06-03_BEL,2026-06-03,BEL,406.6,0.4259,Bearish,[],validated,409.9,0.0081,False
2026-06-03_BEML,2026-06-03,BEML,1754.97,0.5108,Bullish,[],validated,1734.8,-0.0115,False
2026-06-03_COCHINSHIP,2026-06-03,COCHINSHIP,1455.7,0.5083,Bullish,[],validated,1472.4,0.0115,True
2026-06-03_DATAPATTNS,2026-06-03,DATAPATTNS,3990.4,0.4441,Bearish,[],validated,4192.4,0.0506,False
2026-06-03_DYNAMATECH,2026-06-03,DYNAMATECH,10472.0,0.4986,Bearish,[],validated,10450.0,-0.0021,True
2026-06-03_GRSE,2026-06-03,GRSE,2608.2,0.4258,Bearish,[],validated,2676.5,0.0262,False
2026-06-03_HAL,2026-06-03,HAL,4264.1,0.4326,Bearish,[],validated,4191.0,-0.0171,True
2026-06-03_HBLENGINE,2026-06-03,HBLENGINE,786.25,0.4729,Bearish,[],validated,796.65,0.0132,False
2026-06-03_IDEAFORGE,2026-06-03,IDEAFORGE,857.15,0.4141,Bearish,[],validated,900.0,0.05,False
2026-06-03_MAZDOCK,2026-06-03,MAZDOCK,2441.8,0.4708,Bearish,[],validated,2445.2,0.0014,False
2026-06-03_MTARTECH,2026-06-03,MTARTECH,7468.0,0.5926,Bullish,[],validated,7755.5,0.0385,True
2026-06-03_PARAS,2026-06-03,PARAS,839.35,0.4741,Bearish,[],validated,893.8,0.0649,False
2026-06-03_SOLARINDS,2026-06-03,SOLARINDS,18577.0,0.5006,Bullish,[],validated,18293.0,-0.0153,False
2026-06-03_ZENTEC,2026-06-03,ZENTEC,1688.1,0.4142,Bearish,[],validated,1809.8,0.0721,False
2026-06-04_ASTRAMICRO,2026-06-04,ASTRAMICRO,1377.7,0.6388,Bullish,[],validated,1419.5,0.0303,True
2026-06-04_BDL,2026-06-04,BDL,1212.8,0.5697,Bullish,[],validated,1207.4,-0.0045,False
2026-06-04_BEL,2026-06-04,BEL,409.9,0.588,Bullish,[],validated,408.2,-0.0041,False
2026-06-04_BEML,2026-06-04,BEML,1734.8,0.5951,Bullish,[],validated,1742.8,0.0046,True
2026-06-04_COCHINSHIP,2026-06-04,COCHINSHIP,1472.4,0.6401,Bullish,[],validated,1439.1,-0.0226,False
2026-06-04_DATAPATTNS,2026-06-04,DATAPATTNS,4192.4,0.6262,Bullish,[],validated,4212.6,0.0048,True
2026-06-04_DYNAMATECH,2026-06-04,DYNAMATECH,10450.0,0.6185,Bullish,[],validated,10544.0,0.009,True
2026-06-04_GRSE,2026-06-04,GRSE,2676.5,0.6092,Bullish,[],validated,2658.7,-0.0067,False
2026-06-04_HAL,2026-06-04,HAL,4191.0,0.6016,Bullish,[],validated,4216.9,0.0062,True
2026-06-04_HBLENGINE,2026-06-04,HBLENGINE,796.65,0.5864,Bullish,[],validated,794.95,-0.0021,False
2026-06-04_IDEAFORGE,2026-06-04,IDEAFORGE,900.0,0.6746,Bullish,[],validated,945.0,0.05,True
2026-06-04_MAZDOCK,2026-06-04,MAZDOCK,2445.2,0.5813,Bullish,[],validated,2423.1,-0.009,False
2026-06-04_MTARTECH,2026-06-04,MTARTECH,7755.5,0.6921,Bullish,[],validated,7535.5,-0.0284,False
2026-06-04_PARAS,2026-06-04,PARAS,893.8,0.5889,Bullish,[],validated,960.15,0.0742,True
2026-06-04_SOLARINDS,2026-06-04,SOLARINDS,18293.0,0.6362,Bullish,[],validated,18441.0,0.0081,True
2026-06-04_ZENTEC,2026-06-04,ZENTEC,1809.8,0.5469,Bullish,[],validated,1815.3,0.003,True
2026-06-05_ASTRAMICRO,2026-06-05,ASTRAMICRO,1419.5,0.5768,Bullish,[],validated,1412.2,-0.0051,False
2026-06-05_BDL,2026-06-05,BDL,1207.4,0.4184,Bearish,[],validated,1187.0,-0.0169,True
2026-06-05_BEL,2026-06-05,BEL,408.2,0.4188,Bearish,[],validated,412.95,0.0116,False
2026-06-05_BEML,2026-06-05,BEML,1742.8,0.4482,Bearish,[],validated,1741.4,-0.0008,True
2026-06-05_COCHINSHIP,2026-06-05,COCHINSHIP,1439.1,0.4623,Bearish,[],validated,1407.1,-0.0222,True
2026-06-05_DATAPATTNS,2026-06-05,DATAPATTNS,4212.6,0.4252,Bearish,[],validated,4141.3,-0.0169,True
2026-06-05_DYNAMATECH,2026-06-05,DYNAMATECH,10544.0,0.5058,Bullish,[],validated,10174.0,-0.0351,False
2026-06-05_GRSE,2026-06-05,GRSE,2658.7,0.4533,Bearish,[],validated,2611.0,-0.0179,True
2026-06-05_HAL,2026-06-05,HAL,4216.9,0.3308,Bearish,[],validated,4238.0,0.005,False
2026-06-05_HBLENGINE,2026-06-05,HBLENGINE,794.95,0.4363,Bearish,[],validated,766.5,-0.0358,True
2026-06-05_MAZDOCK,2026-06-05,MAZDOCK,2423.1,0.4851,Bearish,[],validated,2389.0,-0.0141,True
2026-06-05_MTARTECH,2026-06-05,MTARTECH,7535.5,0.5361,Bullish,[],validated,7052.0,-0.0642,False
2026-06-05_PARAS,2026-06-05,PARAS,960.15,0.5139,Bullish,[],validated,964.75,0.0048,True
2026-06-05_SOLARINDS,2026-06-05,SOLARINDS,18441.0,0.4797,Bearish,[],validated,18114.0,-0.0177,True
2026-06-05_ZENTEC,2026-06-05,ZENTEC,1815.3,0.3955,Bearish,[],validated,1753.1,-0.0343,True
2026-06-08_ASTRAMICRO,2026-06-08,ASTRAMICRO,1412.2,0.5411,Bullish,[],validated,1457.7,0.0322,True
2026-06-08_BDL,2026-06-08,BDL,1187.0,0.4572,Bearish,[],validated,1202.8,0.0133,False
2026-06-08_BEL,2026-06-08,BEL,412.95,0.4327,Bearish,[],validated,412.05,-0.0022,True
2026-06-08_BEML,2026-06-08,BEML,1741.4,0.4411,Bearish,[],validated,1764.2,0.0131,False
2026-06-08_COCHINSHIP,2026-06-08,COCHINSHIP,1407.1,0.4053,Bearish,[],validated,1441.2,0.0242,False
2026-06-08_DATAPATTNS,2026-06-08,DATAPATTNS,4141.3,0.4562,Bearish,[],validated,4558.5,0.1007,False
2026-06-08_DYNAMATECH,2026-06-08,DYNAMATECH,10174.0,0.4355,Bearish,[],validated,10138.0,-0.0035,True
2026-06-08_GRSE,2026-06-08,GRSE,2611.0,0.4836,Bearish,[],validated,2672.6,0.0236,False
2026-06-08_HAL,2026-06-08,HAL,4238.0,0.409,Bearish,[],validated,4263.8,0.0061,False
2026-06-08_HBLENGINE,2026-06-08,HBLENGINE,766.5,0.4284,Bearish,[],validated,781.4,0.0194,False
2026-06-08_IDEAFORGE,2026-06-08,IDEAFORGE,938.75,0.4731,Bearish,[],validated,964.9,0.0279,False
2026-06-08_MAZDOCK,2026-06-08,MAZDOCK,2389.0,0.4171,Bearish,[],validated,2435.3,0.0194,False
2026-06-08_MTARTECH,2026-06-08,MTARTECH,7052.0,0.4771,Bearish,[],validated,7458.0,0.0576,False
2026-06-08_PARAS,2026-06-08,PARAS,964.75,0.4888,Bearish,[],validated,1039.15,0.0771,False
2026-06-08_SOLARINDS,2026-06-08,SOLARINDS,18114.0,0.511,Bullish,[],validated,18267.0,0.0084,True
2026-06-08_ZENTEC,2026-06-08,ZENTEC,1753.1,0.3887,Bearish,[],validated,1782.5,0.0168,False
2026-06-09_ASTRAMICRO,2026-06-09,ASTRAMICRO,1457.7,0.5363,Bullish,[],validated,1424.4,-0.0228,False
2026-06-09_BDL,2026-06-09,BDL,1202.8,0.4611,Bearish,[],validated,1183.8,-0.0158,True
2026-06-09_BEL,2026-06-09,BEL,412.05,0.4497,Bearish,[],validated,408.35,-0.009,True
2026-06-09_BEML,2026-06-09,BEML,1764.2,0.4797,Bearish,[],validated,1770.6,0.0036,False
2026-06-09_COCHINSHIP,2026-06-09,COCHINSHIP,1441.2,0.4989,Bearish,[],validated,1404.2,-0.0257,True
2026-06-09_DATAPATTNS,2026-06-09,DATAPATTNS,4558.5,0.5199,Bullish,[],validated,4353.8,-0.0449,False
2026-06-09_DYNAMATECH,2026-06-09,DYNAMATECH,10138.0,0.4587,Bearish,[],validated,9943.0,-0.0192,True
2026-06-09_GRSE,2026-06-09,GRSE,2672.6,0.4873,Bearish,[],validated,2604.0,-0.0257,True
2026-06-09_HAL,2026-06-09,HAL,4263.8,0.4809,Bearish,[],validated,4219.2,-0.0105,True
2026-06-09_HBLENGINE,2026-06-09,HBLENGINE,781.4,0.4694,Bearish,[],validated,753.95,-0.0351,True
2026-06-09_IDEAFORGE,2026-06-09,IDEAFORGE,964.9,0.6184,Bullish,[],validated,916.7,-0.05,False
2026-06-09_MAZDOCK,2026-06-09,MAZDOCK,2435.3,0.4875,Bearish,[],validated,2367.6,-0.0278,True
2026-06-09_MTARTECH,2026-06-09,MTARTECH,7458.0,0.5436,Bullish,[],validated,7106.5,-0.0471,False
2026-06-09_PARAS,2026-06-09,PARAS,1039.15,0.6015,Bullish,[],validated,1040.5,0.0013,True
2026-06-09_SOLARINDS,2026-06-09,SOLARINDS,18267.0,0.4757,Bearish,[],validated,17697.0,-0.0312,True
2026-06-09_ZENTEC,2026-06-09,ZENTEC,1782.5,0.4801,Bearish,[],validated,1761.8,-0.0116,True
2026-06-10_ASTRAMICRO,2026-06-10,ASTRAMICRO,1424.4,0.4572,Bearish,[],validated,1396.3,-0.0197,True
2026-06-10_BDL,2026-06-10,BDL,1183.8,0.4078,Bearish,[],validated,1160.3,-0.0199,True
2026-06-10_BEL,2026-06-10,BEL,408.35,0.3689,Bearish,[],validated,402.3,-0.0148,True
2026-06-10_BEML,2026-06-10,BEML,1770.6,0.3737,Bearish,[],validated,1727.4,-0.0244,True
2026-06-10_COCHINSHIP,2026-06-10,COCHINSHIP,1404.2,0.3943,Bearish,[],validated,1387.8,-0.0117,True
2026-06-10_DATAPATTNS,2026-06-10,DATAPATTNS,4353.8,0.3748,Bearish,[],validated,4205.0,-0.0342,True
2026-06-10_DYNAMATECH,2026-06-10,DYNAMATECH,9943.0,0.4392,Bearish,[],validated,9882.0,-0.0061,True
2026-06-10_GRSE,2026-06-10,GRSE,2604.0,0.4301,Bearish,[],validated,2536.1,-0.0261,True
2026-06-10_HAL,2026-06-10,HAL,4219.2,0.3317,Bearish,[],validated,4172.3,-0.0111,True
2026-06-10_HBLENGINE,2026-06-10,HBLENGINE,753.95,0.3868,Bearish,[],validated,746.0,-0.0105,True
2026-06-10_IDEAFORGE,2026-06-10,IDEAFORGE,916.7,0.449,Bearish,[],validated,870.9,-0.05,True
2026-06-10_MAZDOCK,2026-06-10,MAZDOCK,2367.6,0.5322,Bullish,[],validated,2347.5,-0.0085,False
2026-06-10_MTARTECH,2026-06-10,MTARTECH,7106.5,0.4127,Bearish,[],validated,6306.0,-0.1126,True
2026-06-10_PARAS,2026-06-10,PARAS,1040.5,0.5118,Bullish,[],validated,989.1,-0.0494,False
2026-06-10_SOLARINDS,2026-06-10,SOLARINDS,17697.0,0.4495,Bearish,[],validated,17141.0,-0.0314,True
2026-06-10_ZENTEC,2026-06-10,ZENTEC,1761.8,0.3723,Bearish,[],validated,1715.1,-0.0265,True
2026-06-11_ASTRAMICRO,2026-06-11,ASTRAMICRO,1396.3,0.4843,Bearish,[],validated,1443.8,0.034,False
2026-06-11_BDL,2026-06-11,BDL,1160.3,0.4922,Bearish,[],validated,1200.2,0.0344,False
2026-06-11_BEL,2026-06-11,BEL,402.3,0.427,Bearish,[],validated,406.5,0.0104,False
2026-06-11_BEML,2026-06-11,BEML,1727.4,0.4731,Bearish,[],validated,1775.7,0.028,False
2026-06-11_COCHINSHIP,2026-06-11,COCHINSHIP,1387.8,0.5195,Bullish,[],validated,1424.3,0.0263,True
2026-06-11_DATAPATTNS,2026-06-11,DATAPATTNS,4205.0,0.469,Bearish,[],validated,4545.7,0.081,False
2026-06-11_DYNAMATECH,2026-06-11,DYNAMATECH,9882.0,0.501,Bullish,[],validated,10171.0,0.0292,True
2026-06-11_GRSE,2026-06-11,GRSE,2536.1,0.6312,Bullish,[],validated,2648.7,0.0444,True
2026-06-11_HAL,2026-06-11,HAL,4172.3,0.4227,Bearish,[],validated,4192.3,0.0048,False
2026-06-11_HBLENGINE,2026-06-11,HBLENGINE,746.0,0.4984,Bearish,[],validated,774.3,0.0379,False
2026-06-11_IDEAFORGE,2026-06-11,IDEAFORGE,870.9,0.4872,Bearish,[],validated,869.1,-0.0021,True
2026-06-11_MAZDOCK,2026-06-11,MAZDOCK,2347.5,0.6857,Bullish,[],validated,2410.1,0.0267,True
2026-06-11_MTARTECH,2026-06-11,MTARTECH,6306.0,0.651,Bullish,[],validated,7159.5,0.1353,True
2026-06-11_PARAS,2026-06-11,PARAS,989.1,0.4848,Bearish,[],validated,1097.15,0.1092,False
2026-06-11_SOLARINDS,2026-06-11,SOLARINDS,17141.0,0.5901,Bullish,[],validated,17143.0,0.0001,True
2026-06-11_ZENTEC,2026-06-11,ZENTEC,1715.1,0.4781,Bearish,[],validated,1793.8,0.0459,False
2026-06-12_ASTRAMICRO,2026-06-12,ASTRAMICRO,1443.8,0.6853,Bullish,[],validated,1458.0,0.0098,True
2026-06-12_BDL,2026-06-12,BDL,1200.2,0.6672,Bullish,[],validated,1209.7,0.0079,True
2026-06-12_BEL,2026-06-12,BEL,406.5,0.6453,Bullish,[],validated,409.55,0.0075,True
2026-06-12_BEML,2026-06-12,BEML,1775.7,0.6595,Bullish,[],validated,1778.8,0.0017,True
2026-06-12_COCHINSHIP,2026-06-12,COCHINSHIP,1424.3,0.6767,Bullish,[],validated,1411.8,-0.0088,False
2026-06-12_DATAPATTNS,2026-06-12,DATAPATTNS,4545.7,0.628,Bullish,[],validated,4425.5,-0.0264,False
2026-06-12_DYNAMATECH,2026-06-12,DYNAMATECH,10171.0,0.6964,Bullish,[],validated,10602.0,0.0424,True
2026-06-12_GRSE,2026-06-12,GRSE,2648.7,0.6877,Bullish,[],validated,2669.2,0.0077,True
2026-06-12_HAL,2026-06-12,HAL,4192.3,0.5418,Bullish,[],validated,4284.7,0.022,True
2026-06-12_HBLENGINE,2026-06-12,HBLENGINE,774.3,0.7161,Bullish,[],validated,793.1,0.0243,True
2026-06-12_IDEAFORGE,2026-06-12,IDEAFORGE,869.1,0.6584,Bullish,[],validated,864.85,-0.0049,False
2026-06-12_MAZDOCK,2026-06-12,MAZDOCK,2410.1,0.7065,Bullish,[],validated,2440.4,0.0126,True
2026-06-12_MTARTECH,2026-06-12,MTARTECH,7159.5,0.6471,Bullish,[],validated,7344.0,0.0258,True
2026-06-12_PARAS,2026-06-12,PARAS,1097.15,0.6502,Bullish,[],validated,1108.15,0.01,True
2026-06-12_SOLARINDS,2026-06-12,SOLARINDS,17143.0,0.6672,Bullish,[],validated,17277.0,0.0078,True
2026-06-12_ZENTEC,2026-06-12,ZENTEC,1793.8,0.6692,Bullish,[],validated,1789.1,-0.0026,False
2026-06-15_ASTRAMICRO,2026-06-15,ASTRAMICRO,1458.0,0.4899,Bearish,[],validated,1480.1,0.0152,False
2026-06-15_BDL,2026-06-15,BDL,1209.7,0.4015,Bearish,[],validated,1236.7,0.0223,False
2026-06-15_BEL,2026-06-15,BEL,409.55,0.4924,Bearish,[],validated,407.55,-0.0049,True
2026-06-15_BEML,2026-06-15,BEML,1778.8,0.4207,Bearish,[],validated,1781.7,0.0016,False
2026-06-15_COCHINSHIP,2026-06-15,COCHINSHIP,1411.8,0.4793,Bearish,[],validated,1431.6,0.014,False
2026-06-15_DATAPATTNS,2026-06-15,DATAPATTNS,4425.5,0.5092,Bullish,[],validated,4477.3,0.0117,True
2026-06-15_DYNAMATECH,2026-06-15,DYNAMATECH,10602.0,0.4997,Bearish,[],validated,10443.0,-0.015,True
2026-06-15_GRSE,2026-06-15,GRSE,2669.2,0.4468,Bearish,[],validated,2663.2,-0.0022,True
2026-06-15_HAL,2026-06-15,HAL,4284.7,0.502,Bullish,[],validated,4255.8,-0.0067,False
2026-06-15_HBLENGINE,2026-06-15,HBLENGINE,793.1,0.4161,Bearish,[],validated,799.65,0.0083,False
2026-06-15_IDEAFORGE,2026-06-15,IDEAFORGE,864.85,0.5288,Bullish,[],validated,908.05,0.05,True
2026-06-15_MAZDOCK,2026-06-15,MAZDOCK,2440.4,0.3878,Bearish,[],validated,2467.4,0.0111,False
2026-06-15_MTARTECH,2026-06-15,MTARTECH,7344.0,0.4809,Bearish,[],validated,7698.5,0.0483,False
2026-06-15_PARAS,2026-06-15,PARAS,1108.15,0.5987,Bullish,[],validated,1089.35,-0.017,False
2026-06-15_SOLARINDS,2026-06-15,SOLARINDS,17277.0,0.4896,Bearish,[],validated,16899.0,-0.0219,True
2026-06-15_ZENTEC,2026-06-15,ZENTEC,1789.1,0.4312,Bearish,[],validated,1854.7,0.0367,False
2026-06-16_ASTRAMICRO,2026-06-16,ASTRAMICRO,1480.1,0.5134,Bullish,[],validated,1574.4,0.0637,True
2026-06-16_BDL,2026-06-16,BDL,1236.7,0.4676,Bearish,[],validated,1309.8,0.0591,False
2026-06-16_BEL,2026-06-16,BEL,407.55,0.3731,Bearish,[],validated,419.85,0.0302,False
2026-06-16_BEML,2026-06-16,BEML,1781.7,0.4684,Bearish,[],validated,1808.3,0.0149,False
2026-06-16_COCHINSHIP,2026-06-16,COCHINSHIP,1431.6,0.4787,Bearish,[],validated,1500.2,0.0479,False
2026-06-16_DATAPATTNS,2026-06-16,DATAPATTNS,4477.3,0.5093,Bullish,[],validated,4769.6,0.0653,True
2026-06-16_DYNAMATECH,2026-06-16,DYNAMATECH,10443.0,0.4916,Bearish,[],validated,10717.0,0.0262,False
2026-06-16_GRSE,2026-06-16,GRSE,2663.2,0.5052,Bullish,[],validated,2818.4,0.0583,True
2026-06-16_HAL,2026-06-16,HAL,4255.8,0.4479,Bearish,[],validated,4460.5,0.0481,False
2026-06-16_HBLENGINE,2026-06-16,HBLENGINE,799.65,0.4609,Bearish,[],validated,795.95,-0.0046,True
2026-06-16_IDEAFORGE,2026-06-16,IDEAFORGE,908.05,0.5659,Bullish,[],validated,929.1,0.0232,True
2026-06-16_MAZDOCK,2026-06-16,MAZDOCK,2467.4,0.4527,Bearish,[],validated,2552.4,0.0344,False
2026-06-16_MTARTECH,2026-06-16,MTARTECH,7698.5,0.4978,Bearish,[],validated,8319.0,0.0806,False
2026-06-16_PARAS,2026-06-16,PARAS,1089.35,0.5467,Bullish,[],validated,1285.65,0.1802,True
2026-06-16_SOLARINDS,2026-06-16,SOLARINDS,16899.0,0.5189,Bullish,[],validated,17457.0,0.033,True
2026-06-16_ZENTEC,2026-06-16,ZENTEC,1854.7,0.4977,Bearish,[],validated,1887.4,0.0176,False
2026-06-17_ASTRAMICRO,2026-06-17,ASTRAMICRO,1574.4,0.6994,Bullish,[],validated,1670.0,0.0607,True
2026-06-17_BDL,2026-06-17,BDL,1309.8,0.605,Bullish,[],validated,1311.8,0.0015,True
2026-06-17_BEL,2026-06-17,BEL,419.85,0.6796,Bullish,[],validated,428.6,0.0208,True
2026-06-17_BEML,2026-06-17,BEML,1808.3,0.7289,Bullish,[],validated,1773.4,-0.0193,False
2026-06-17_COCHINSHIP,2026-06-17,COCHINSHIP,1500.2,0.6347,Bullish,[],validated,1469.6,-0.0204,False
2026-06-17_DATAPATTNS,2026-06-17,DATAPATTNS,4769.6,0.6385,Bullish,[],validated,4802.1,0.0068,True
2026-06-17_DYNAMATECH,2026-06-17,DYNAMATECH,10717.0,0.6859,Bullish,[],validated,10888.0,0.016,True
2026-06-17_GRSE,2026-06-17,GRSE,2818.4,0.6181,Bullish,[],validated,2825.3,0.0024,True
2026-06-17_HAL,2026-06-17,HAL,4460.5,0.7197,Bullish,[],validated,4411.5,-0.011,False
2026-06-17_HBLENGINE,2026-06-17,HBLENGINE,795.95,0.6798,Bullish,[],validated,804.4,0.0106,True
2026-06-17_IDEAFORGE,2026-06-17,IDEAFORGE,929.1,0.8036,Bullish,[],validated,919.75,-0.0101,False
2026-06-17_MAZDOCK,2026-06-17,MAZDOCK,2552.4,0.6635,Bullish,[],validated,2533.9,-0.0072,False
2026-06-17_MTARTECH,2026-06-17,MTARTECH,8319.0,0.6187,Bullish,[],validated,8305.5,-0.0016,False
2026-06-17_PARAS,2026-06-17,PARAS,1285.65,0.657,Bullish,[],validated,1310.3,0.0192,True
2026-06-17_SOLARINDS,2026-06-17,SOLARINDS,17457.0,0.7422,Bullish,[],validated,17764.0,0.0176,True
2026-06-17_ZENTEC,2026-06-17,ZENTEC,1887.4,0.6979,Bullish,[],validated,1929.4,0.0223,True
2026-06-18_ASTRAMICRO,2026-06-18,ASTRAMICRO,1670.0,0.6834,Bullish,[],validated,1684.1,0.0084,True
2026-06-18_BDL,2026-06-18,BDL,1311.8,0.608,Bullish,[],validated,1373.4,0.047,True
2026-06-18_BEL,2026-06-18,BEL,428.6,0.5985,Bullish,[],validated,426.9,-0.004,False
2026-06-18_BEML,2026-06-18,BEML,1773.4,0.5877,Bullish,[],validated,1749.3,-0.0136,False
2026-06-18_COCHINSHIP,2026-06-18,COCHINSHIP,1469.6,0.5939,Bullish,[],validated,1458.0,-0.0079,False
2026-06-18_DATAPATTNS,2026-06-18,DATAPATTNS,4802.1,0.6117,Bullish,[],validated,4822.1,0.0042,True
2026-06-18_DYNAMATECH,2026-06-18,DYNAMATECH,10888.0,0.5768,Bullish,[],validated,10923.0,0.0032,True
2026-06-18_GRSE,2026-06-18,GRSE,2825.3,0.5942,Bullish,[],validated,2798.3,-0.0096,False
2026-06-18_HAL,2026-06-18,HAL,4411.5,0.6603,Bullish,[],validated,4408.1,-0.0008,False
2026-06-18_HBLENGINE,2026-06-18,HBLENGINE,804.4,0.5646,Bullish,[],validated,815.5,0.0138,True
2026-06-18_IDEAFORGE,2026-06-18,IDEAFORGE,919.75,0.6313,Bullish,[],validated,931.45,0.0127,True
2026-06-18_MAZDOCK,2026-06-18,MAZDOCK,2533.9,0.6443,Bullish,[],validated,2518.7,-0.006,False
2026-06-18_MTARTECH,2026-06-18,MTARTECH,8305.5,0.5527,Bullish,[],validated,8374.5,0.0083,True
2026-06-18_PARAS,2026-06-18,PARAS,1310.3,0.5395,Bullish,[],validated,1408.65,0.0751,True
2026-06-18_SOLARINDS,2026-06-18,SOLARINDS,17764.0,0.5788,Bullish,[],validated,18052.0,0.0162,True
2026-06-18_ZENTEC,2026-06-18,ZENTEC,1929.4,0.5536,Bullish,[],validated,1997.0,0.035,True
2026-06-19_ASTRAMICRO,2026-06-19,ASTRAMICRO,1684.1,0.492,Bearish,[],validated,1675.4,-0.0052,True
2026-06-19_BDL,2026-06-19,BDL,1373.4,0.4897,Bearish,[],validated,1406.7,0.0242,False
2026-06-19_BEL,2026-06-19,BEL,426.9,0.4611,Bearish,[],validated,431.5,0.0108,False
2026-06-19_BEML,2026-06-19,BEML,1749.3,0.4546,Bearish,[],validated,1762.9,0.0078,False
2026-06-19_COCHINSHIP,2026-06-19,COCHINSHIP,1458.0,0.4492,Bearish,[],validated,1476.4,0.0126,False
2026-06-19_DATAPATTNS,2026-06-19,DATAPATTNS,4822.1,0.5162,Bullish,[],validated,4866.2,0.0091,True
2026-06-19_DYNAMATECH,2026-06-19,DYNAMATECH,10923.0,0.4917,Bearish,[],validated,10988.0,0.006,False
2026-06-19_GRSE,2026-06-19,GRSE,2798.3,0.4981,Bearish,[],validated,2860.6,0.0223,False
2026-06-19_HAL,2026-06-19,HAL,4408.1,0.4297,Bearish,[],validated,4515.2,0.0243,False
2026-06-19_HBLENGINE,2026-06-19,HBLENGINE,815.5,0.4809,Bearish,[],validated,817.65,0.0026,False
2026-06-19_IDEAFORGE,2026-06-19,IDEAFORGE,931.45,0.4814,Bearish,[],validated,891.05,-0.0434,True
2026-06-19_MAZDOCK,2026-06-19,MAZDOCK,2518.7,0.4912,Bearish,[],validated,2541.7,0.0091,False
2026-06-19_MTARTECH,2026-06-19,MTARTECH,8374.5,0.5265,Bullish,[],validated,8294.5,-0.0096,False
2026-06-19_PARAS,2026-06-19,PARAS,1408.65,0.5498,Bullish,[],validated,1378.85,-0.0212,False
2026-06-19_SOLARINDS,2026-06-19,SOLARINDS,18052.0,0.5282,Bullish,[],validated,18441.0,0.0215,True
2026-06-19_ZENTEC,2026-06-19,ZENTEC,1997.0,0.4674,Bearish,[],validated,1962.1,-0.0175,True
2026-06-22_ASTRAMICRO,2026-06-22,ASTRAMICRO,1675.4,0.5812,Bullish,"[{""label"": ""sector 1-week"", ""feature"": ""sector_ret_5d"", ""direction"": ""+"", ""impact"": 0.15689952671527863}, {""label"": ""1-day momentum"", ""feature"": ""ret_1d"", ""direction"": ""+"", ""impact"": 0.09358002245426178}, {""label"": ""above 20-day low"", ""feature"": ""dist_low_20"", ""direction"": ""+"", ""impact"": 0.07535520195960999}, {""label"": ""RSI (14)"", ""feature"": ""rsi_14"", ""direction"": ""-"", ""impact"": -0.06677117198705673}]",pending,,,
2026-06-22_MTARTECH,2026-06-22,MTARTECH,8294.5,0.5746,Bullish,"[{""label"": ""sector 1-week"", ""feature"": ""sector_ret_5d"", ""direction"": ""+"", ""impact"": 0.15656602382659912}, {""label"": ""1-day momentum"", ""feature"": ""ret_1d"", ""direction"": ""+"", ""impact"": 0.11072687059640884}, {""label"": ""above 20-day low"", ""feature"": ""dist_low_20"", ""direction"": ""+"", ""impact"": 0.08945455402135849}, {""label"": ""below 20-day high"", ""feature"": ""dist_high_20"", ""direction"": ""+"", ""impact"": 0.07675258815288544}]",pending,,,
2026-06-22_DATAPATTNS,2026-06-22,DATAPATTNS,4866.2,0.5631,Bullish,"[{""label"": ""sector 1-week"", ""feature"": ""sector_ret_5d"", ""direction"": ""+"", ""impact"": 0.1665639728307724}, {""label"": ""above 20-day low"", ""feature"": ""dist_low_20"", ""direction"": ""+"", ""impact"": 0.09819266945123672}, {""label"": ""1-day momentum"", ""feature"": ""ret_1d"", ""direction"": ""-"", ""impact"": -0.09522758424282074}, {""label"": ""2-week momentum"", ""feature"": ""ret_10d"", ""direction"": ""+"", ""impact"": 0.07154621183872223}]",pending,,,
2026-06-22_ZENTEC,2026-06-22,ZENTEC,1962.1,0.5602,Bullish,"[{""label"": ""sector 1-week"", ""feature"": ""sector_ret_5d"", ""direction"": ""+"", ""impact"": 0.1652466505765915}, {""label"": ""1-day momentum"", ""feature"": ""ret_1d"", ""direction"": ""+"", ""impact"": 0.10138104856014252}, {""label"": ""above 20-day low"", ""feature"": ""dist_low_20"", ""direction"": ""+"", ""impact"": 0.09875133633613586}, {""label"": ""RSI (14)"", ""feature"": ""rsi_14"", ""direction"": ""-"", ""impact"": -0.07488708943128586}]",pending,,,
2026-06-22_SOLARINDS,2026-06-22,SOLARINDS,18441.0,0.5505,Bullish,"[{""label"": ""MACD momentum"", ""feature"": ""macd_hist_slope"", ""direction"": ""+"", ""impact"": 0.11267834901809692}, {""label"": ""sector 1-week"", ""feature"": ""sector_ret_5d"", ""direction"": ""+"", ""impact"": 0.08002578467130661}, {""label"": ""3-day momentum"", ""feature"": ""ret_3d"", ""direction"": ""+"", ""impact"": 0.06897442787885666}, {""label"": ""1-day momentum"", ""feature"": ""ret_1d"", ""direction"": ""-"", ""impact"": -0.065814308822155}]",pending,,,
2026-06-22_COCHINSHIP,2026-06-22,COCHINSHIP,1476.4,0.5331,Bullish,"[{""label"": ""sector 1-week"", ""feature"": ""sector_ret_5d"", ""direction"": ""+"", ""impact"": 0.12129364907741547}, {""label"": ""close strength"", ""feature"": ""close_in_range"", ""direction"": ""+"", ""impact"": 0.07427506893873215}, {""label"": ""1-day momentum"", ""feature"": ""ret_1d"", ""direction"": ""-"", ""impact"": -0.06568014621734619}, {""label"": ""sector 1-day"", ""feature"": ""sector_ret_1d"", ""direction"": ""+"", ""impact"": 0.05654330179095268}]",pending,,,
2026-06-22_HAL,2026-06-22,HAL,4515.2,0.5313,Bullish,"[{""label"": ""sector 1-week"", ""feature"": ""sector_ret_5d"", ""direction"": ""+"", ""impact"": 0.1438797116279602}, {""label"": ""1-day momentum"", ""feature"": ""ret_1d"", ""direction"": ""-"", ""impact"": -0.07918373495340347}, {""label"": ""close strength"", ""feature"": ""close_in_range"", ""direction"": ""+"", ""impact"": 0.07867889106273651}, {""label"": ""sector 1-day"", ""feature"": ""sector_ret_1d"", ""direction"": ""+"", ""impact"": 0.05018645152449608}]",pending,,,
2026-06-22_PARAS,2026-06-22,PARAS,1378.85,0.5289,Bullish,"[{""label"": ""vs 50-day avg"", ""feature"": ""dist_sma50"", ""direction"": ""-"", ""impact"": -0.16601020097732544}, {""label"": ""sector 1-week"", ""feature"": ""sector_ret_5d"", ""direction"": ""+"", ""impact"": 0.16030481457710266}, {""label"": ""2-week momentum"", ""feature"": ""ret_10d"", ""direction"": ""+"", ""impact"": 0.12094361335039139}, {""label"": ""below 20-day high"", ""feature"": ""dist_high_20"", ""direction"": ""+"", ""impact"": 0.07801558077335358}]",pending,,,
2026-06-22_GRSE,2026-06-22,GRSE,2860.6,0.527,Bullish,"[{""label"": ""sector 1-week"", ""feature"": ""sector_ret_5d"", ""direction"": ""+"", ""impact"": 0.18783463537693024}, {""label"": ""overnight gap"", ""feature"": ""gap_pct"", ""direction"": ""+"", ""impact"": 0.12205583602190018}, {""label"": ""close strength"", ""feature"": ""close_in_range"", ""direction"": ""-"", ""impact"": -0.08877719938755035}, {""label"": ""1-day momentum"", ""feature"": ""ret_1d"", ""direction"": ""-"", ""impact"": -0.08232585340738297}]",pending,,,
2026-06-22_MAZDOCK,2026-06-22,MAZDOCK,2541.7,0.5237,Bullish,"[{""label"": ""sector 1-week"", ""feature"": ""sector_ret_5d"", ""direction"": ""+"", ""impact"": 0.14379216730594635}, {""label"": ""1-day momentum"", ""feature"": ""ret_1d"", ""direction"": ""-"", ""impact"": -0.06854364275932312}, {""label"": ""close strength"", ""feature"": ""close_in_range"", ""direction"": ""+"", ""impact"": 0.06408757716417313}, {""label"": ""sector 1-day"", ""feature"": ""sector_ret_1d"", ""direction"": ""+"", ""impact"": 0.05419788137078285}]",pending,,,
2026-06-22_DYNAMATECH,2026-06-22,DYNAMATECH,10988.0,0.5187,Bullish,"[{""label"": ""sector 1-week"", ""feature"": ""sector_ret_5d"", ""direction"": ""+"", ""impact"": 0.12290281057357788}, {""label"": ""close strength"", ""feature"": ""close_in_range"", ""direction"": ""+"", ""impact"": 0.060777924954891205}, {""label"": ""1-day momentum"", ""feature"": ""ret_1d"", ""direction"": ""-"", ""impact"": -0.05617382749915123}, {""label"": ""sector 1-day"", ""feature"": ""sector_ret_1d"", ""direction"": ""+"", ""impact"": 0.052474647760391235}]",pending,,,
2026-06-22_HBLENGINE,2026-06-22,HBLENGINE,817.65,0.5089,Bullish,"[{""label"": ""sector 1-week"", ""feature"": ""sector_ret_5d"", ""direction"": ""+"", ""impact"": 0.17014887928962708}, {""label"": ""sector 1-day"", ""feature"": ""sector_ret_1d"", ""direction"": ""+"", ""impact"": 0.05222775787115097}, {""label"": ""close strength"", ""feature"": ""close_in_range"", ""direction"": ""-"", ""impact"": -0.04556875675916672}, {""label"": ""RSI (7, fast)"", ""feature"": ""rsi_7"", ""direction"": ""-"", ""impact"": -0.04408944770693779}]",pending,,,
2026-06-22_BEML,2026-06-22,BEML,1762.9,0.5026,Bullish,"[{""label"": ""sector 1-week"", ""feature"": ""sector_ret_5d"", ""direction"": ""+"", ""impact"": 0.15177103877067566}, {""label"": ""1-day momentum"", ""feature"": ""ret_1d"", ""direction"": ""-"", ""impact"": -0.053440649062395096}, {""label"": ""sector 1-day"", ""feature"": ""sector_ret_1d"", ""direction"": ""+"", ""impact"": 0.0519850067794323}, {""label"": ""close strength"", ""feature"": ""close_in_range"", ""direction"": ""+"", ""impact"": 0.04372207447886467}]",pending,,,
2026-06-22_BEL,2026-06-22,BEL,431.5,0.4943,Bearish,"[{""label"": ""sector 1-week"", ""feature"": ""sector_ret_5d"", ""direction"": ""+"", ""impact"": 0.19296953082084656}, {""label"": ""close strength"", ""feature"": ""close_in_range"", ""direction"": ""+"", ""impact"": 0.066056989133358}, {""label"": ""1-day momentum"", ""feature"": ""ret_1d"", ""direction"": ""-"", ""impact"": -0.061934877187013626}, {""label"": ""sector 1-day"", ""feature"": ""sector_ret_1d"", ""direction"": ""+"", ""impact"": 0.06134778633713722}]",pending,,,
2026-06-22_IDEAFORGE,2026-06-22,IDEAFORGE,891.05,0.4788,Bearish,"[{""label"": ""sector 1-week"", ""feature"": ""sector_ret_5d"", ""direction"": ""+"", ""impact"": 0.07315177470445633}, {""label"": ""close strength"", ""feature"": ""close_in_range"", ""direction"": ""-"", ""impact"": -0.07210002839565277}, {""label"": ""1-day momentum"", ""feature"": ""ret_1d"", ""direction"": ""+"", ""impact"": 0.055892214179039}, {""label"": ""volume surge"", ""feature"": ""vol_ratio"", ""direction"": ""+"", ""impact"": 0.04271215945482254}]",pending,,,
