pred_id,made_on,symbol,signal,score,entry,target,stop,horizon_end,status,outcome,exit_close,realised_ret,market_ret,correct
2026-03-16_ABSLAMC,2026-03-16,ABSLAMC,🟢 Strong Buy,80,952.5,1010.0,885.82,2026-03-30,validated,STOP,878.3,-0.0779,-0.0566,False
2026-03-16_ACMESOLAR,2026-03-16,ACMESOLAR,🟢 Strong Buy,80,244.89,255.61,227.75,2026-03-30,validated,TARGET,261.61,0.0683,-0.0566,True
2026-03-16_ADANIPOWER,2026-03-16,ADANIPOWER,🟢 Strong Buy,80,154.06,162.8,143.28,2026-03-30,validated,OPEN,150.43,-0.0236,-0.0566,False
2026-03-16_CESC,2026-03-16,CESC,🟢 Strong Buy,80,156.55,160.06,150.21,2026-03-30,validated,STOP,150.17,-0.0408,-0.0566,False
2026-03-16_CGCL,2026-03-16,CGCL,🟢 Strong Buy,90,171.57,179.3,159.56,2026-03-30,validated,OPEN,166.49,-0.0296,-0.0566,False
2026-03-16_EMMVEE,2026-03-16,EMMVEE,🟢 Strong Buy,93,210.28,217.47,195.56,2026-03-30,validated,TARGET,217.37,0.0337,-0.0566,True
2026-03-16_GODIGIT,2026-03-16,GODIGIT,🟢 Strong Buy,93,339.8,351.12,321.85,2026-03-30,validated,OPEN,325.65,-0.0416,-0.0566,False
2026-03-16_HFCL,2026-03-16,HFCL,🟢 Strong Buy,80,71.27,74.47,66.5,2026-03-30,validated,STOP,67.86,-0.0478,-0.0566,False
2026-03-16_IPCALAB,2026-03-16,IPCALAB,🟢 Strong Buy,80,1557.0,1612.75,1449.8,2026-03-30,validated,OPEN,1601.2,0.0284,-0.0566,True
2026-03-16_ITI,2026-03-16,ITI,🟢 Strong Buy,90,277.15,296.0,257.75,2026-03-30,validated,STOP,239.05,-0.1375,-0.0566,False
2026-03-16_JBCHEPHARM,2026-03-16,JBCHEPHARM,🟢 Strong Buy,80,2090.2,2163.85,1984.1,2026-03-30,validated,OPEN,2064.4,-0.0123,-0.0566,False
2026-03-16_JINDALSAW,2026-03-16,JINDALSAW,🟢 Strong Buy,80,196.67,214.78,182.9,2026-03-30,validated,STOP,183.12,-0.0689,-0.0566,False
2026-03-16_NLCINDIA,2026-03-16,NLCINDIA,🟢 Strong Buy,93,257.0,265.45,239.75,2026-03-30,validated,TARGET,268.6,0.0451,-0.0566,True
2026-03-16_PREMIERENE,2026-03-16,PREMIERENE,🟢 Strong Buy,85,795.75,823.85,740.05,2026-03-30,validated,TARGET,891.65,0.1205,-0.0566,True
2026-03-16_THERMAX,2026-03-16,THERMAX,🟢 Strong Buy,80,3259.2,3385.3,3031.06,2026-03-30,validated,OPEN,3260.7,0.0005,-0.0566,True
2026-03-23_BHARTIHEXA,2026-03-23,BHARTIHEXA,🟢 Strong Buy,83,1575.7,1703.1,1472.5,2026-04-06,validated,STOP,1517.6,-0.0369,0.0089,False
2026-03-23_CCL,2026-03-23,CCL,🟢 Buy,73,1067.9,1107.15,1009.1,2026-04-06,validated,TARGET,1116.9,0.0459,0.0089,True
2026-03-23_COFORGE,2026-03-23,COFORGE,🟢 Buy,70,1100.4,1551.0,1073.9,2026-04-06,validated,OPEN,1220.2,0.1089,0.0089,True
2026-03-23_GMDCLTD,2026-03-23,GMDCLTD,🟢 Strong Buy,100,569.05,605.35,529.22,2026-04-06,validated,OPEN,597.1,0.0493,0.0089,True
2026-03-23_GRANULES,2026-03-23,GRANULES,🟢 Strong Buy,80,580.15,599.95,554.35,2026-04-06,validated,TARGET,644.0,0.1101,0.0089,True
2026-03-23_GROWW,2026-03-23,GROWW,🟢 Strong Buy,75,162.15,179.66,150.8,2026-04-06,validated,STOP,168.68,0.0403,0.0089,False
2026-03-23_HCLTECH,2026-03-23,HCLTECH,🟢 Strong Buy,78,1358.6,1573.1,1311.8,2026-04-06,validated,OPEN,1403.3,0.0329,0.0089,True
2026-03-23_HEXT,2026-03-23,HEXT,🟢 Strong Buy,78,436.0,594.3,407.0,2026-04-06,validated,OPEN,450.1,0.0323,0.0089,True
2026-03-23_INFY,2026-03-23,INFY,🟢 Buy,71,1256.8,1497.8,1220.8,2026-04-06,validated,OPEN,1306.2,0.0393,0.0089,True
2026-03-23_JPPOWER,2026-03-23,JPPOWER,🟢 Buy,70,14.67,16.75,13.64,2026-04-06,validated,OPEN,15.14,0.032,0.0089,True
2026-03-23_LLOYDSME,2026-03-23,LLOYDSME,🟢 Strong Buy,80,1209.6,1264.4,1140.8,2026-04-06,validated,TARGET,1436.7,0.1877,0.0089,True
2026-03-23_PIRAMALFIN,2026-03-23,PIRAMALFIN,🟢 Strong Buy,93,1823.6,1877.25,1738.6,2026-04-06,validated,STOP,1723.0,-0.0552,0.0089,False
2026-03-23_SUNTV,2026-03-23,SUNTV,🟢 Strong Buy,80,599.1,647.65,557.16,2026-04-06,validated,OPEN,588.25,-0.0181,0.0089,False
2026-03-23_TRIDENT,2026-03-23,TRIDENT,🟢 Strong Buy,90,25.05,27.49,23.3,2026-04-06,validated,STOP,24.19,-0.0343,0.0089,False
2026-03-23_VTL,2026-03-23,VTL,🟢 Buy,73,538.8,553.85,529.25,2026-04-06,validated,STOP,537.0,-0.0033,0.0089,False
2026-03-30_ANTHEM,2026-03-30,ANTHEM,🟢 Strong Buy,100,656.25,704.1,628.45,2026-04-13,validated,TARGET,729.95,0.1123,0.1017,True
2026-03-30_ATUL,2026-03-30,ATUL,🟢 Strong Buy,80,6368.5,6674.0,6058.5,2026-04-13,validated,OPEN,6308.5,-0.0094,0.1017,False
2026-03-30_BALRAMCHIN,2026-03-30,BALRAMCHIN,🟢 Strong Buy,80,497.1,519.05,462.3,2026-04-13,validated,OPEN,475.5,-0.0435,0.1017,False
2026-03-30_BAYERCROP,2026-03-30,BAYERCROP,🟢 Strong Buy,85,4645.6,4830.3,4463.9,2026-04-13,validated,TARGET,4893.0,0.0533,0.1017,True
2026-03-30_CARBORUNIV,2026-03-30,CARBORUNIV,🟢 Strong Buy,83,775.7,849.75,748.35,2026-04-13,validated,TARGET,883.65,0.1392,0.1017,True
2026-03-30_DMART,2026-03-30,DMART,🟢 Strong Buy,100,3956.8,4112.1,3679.82,2026-04-13,validated,TARGET,4448.0,0.1241,0.1017,True
2026-03-30_EMCURE,2026-03-30,EMCURE,🟢 Strong Buy,80,1595.5,1652.7,1483.82,2026-04-13,validated,OPEN,1630.4,0.0219,0.1017,True
2026-03-30_GICRE,2026-03-30,GICRE,🟢 Strong Buy,83,362.95,391.2,357.3,2026-04-13,validated,TARGET,389.5,0.0732,0.1017,True
2026-03-30_GRAPHITE,2026-03-30,GRAPHITE,🟢 Strong Buy,83,616.7,730.15,573.53,2026-04-13,validated,OPEN,637.6,0.0339,0.1017,True
2026-03-30_HEG,2026-03-30,HEG,🟢 Strong Buy,100,542.4,583.35,504.43,2026-04-13,validated,OPEN,565.95,0.0434,0.1017,True
2026-03-30_KARURVYSYA,2026-03-30,KARURVYSYA,🟢 Strong Buy,83,289.4,336.85,269.14,2026-04-13,validated,STOP,280.5,-0.0308,0.1017,False
2026-03-30_LICHSGFIN,2026-03-30,LICHSGFIN,🟢 Strong Buy,83,495.25,547.0,460.7,2026-04-13,validated,OPEN,520.35,0.0507,0.1017,True
2026-03-30_OFSS,2026-03-30,OFSS,🟢 Strong Buy,90,6731.0,6947.0,6302.0,2026-04-13,validated,TARGET,7164.5,0.0644,0.1017,True
2026-03-30_ONESOURCE,2026-03-30,ONESOURCE,🟢 Strong Buy,80,1473.3,1514.9,1370.17,2026-04-13,validated,STOP,1545.1,0.0487,0.1017,False
2026-03-30_SPLPETRO,2026-03-30,SPLPETRO,🟢 Strong Buy,80,738.4,755.2,686.71,2026-04-13,validated,OPEN,727.7,-0.0145,0.1017,False
2026-04-06_BSE,2026-04-06,BSE,🟢 Strong Buy,85,2982.3,3138.35,2773.54,2026-04-20,validated,TARGET,3470.7,0.1638,0.2017,True
2026-04-06_CIEINDIA,2026-04-06,CIEINDIA,🟢 Strong Buy,85,467.65,497.25,436.15,2026-04-20,validated,OPEN,486.1,0.0395,0.2017,True
2026-04-06_EIHOTEL,2026-04-06,EIHOTEL,🟢 Strong Buy,90,303.6,331.8,282.35,2026-04-20,validated,TARGET,332.5,0.0952,0.2017,True
2026-04-06_GODREJIND,2026-04-06,GODREJIND,🟢 Strong Buy,85,842.55,1050.3,783.57,2026-04-20,validated,OPEN,919.55,0.0914,0.2017,True
2026-04-06_GRSE,2026-04-06,GRSE,🟢 Strong Buy,85,2259.5,2523.2,2101.34,2026-04-20,validated,TARGET,2667.8,0.1807,0.2017,True
2026-04-06_HFCL,2026-04-06,HFCL,🟢 Strong Buy,85,72.88,74.47,67.78,2026-04-20,validated,TARGET,93.3,0.2802,0.2017,True
2026-04-06_IFCI,2026-04-06,IFCI,🟢 Strong Buy,85,52.92,60.18,49.22,2026-04-20,validated,TARGET,60.49,0.143,0.2017,True
2026-04-06_JINDALSAW,2026-04-06,JINDALSAW,🟢 Strong Buy,85,195.3,200.16,181.63,2026-04-20,validated,TARGET,240.18,0.2298,0.2017,True
2026-04-06_MAZDOCK,2026-04-06,MAZDOCK,🟢 Strong Buy,90,2313.7,2482.1,2151.74,2026-04-20,validated,TARGET,2621.2,0.1329,0.2017,True
2026-04-06_MCX,2026-04-06,MCX,🟢 Strong Buy,85,2549.0,2671.8,2370.57,2026-04-20,validated,TARGET,2859.1,0.1217,0.2017,True
2026-04-06_NAVA,2026-04-06,NAVA,🟢 Strong Buy,85,563.65,601.05,531.45,2026-04-20,validated,TARGET,702.1,0.2456,0.2017,True
2026-04-06_NHPC,2026-04-06,NHPC,🟢 Strong Buy,85,76.16,78.32,73.04,2026-04-20,validated,TARGET,83.1,0.0911,0.2017,True
2026-04-06_SARDAEN,2026-04-06,SARDAEN,🟢 Strong Buy,93,524.95,553.5,488.2,2026-04-20,validated,TARGET,583.9,0.1123,0.2017,True
2026-04-06_TIMKEN,2026-04-06,TIMKEN,🟢 Strong Buy,85,3324.8,3486.5,3092.6,2026-04-20,validated,TARGET,3502.9,0.0536,0.2017,True
2026-04-06_TTML,2026-04-06,TTML,🟢 Strong Buy,85,37.5,42.33,34.88,2026-04-20,validated,TARGET,44.3,0.1813,0.2017,True
2026-04-13_ALKEM,2026-04-13,ALKEM,🟢 Strong Buy,83,5364.5,5616.5,5144.5,2026-04-27,validated,TARGET,5344.0,-0.0038,0.158,True
2026-04-13_ASTRAL,2026-04-13,ASTRAL,🟢 Strong Buy,85,1625.1,1746.3,1522.8,2026-04-27,validated,OPEN,1535.0,-0.0554,0.158,False
2026-04-13_BHEL,2026-04-13,BHEL,🟢 Strong Buy,80,287.77,308.9,267.63,2026-04-27,validated,TARGET,348.58,0.2113,0.158,True
2026-04-13_EMMVEE,2026-04-13,EMMVEE,🟢 Strong Buy,80,238.27,249.11,221.59,2026-04-27,validated,TARGET,263.73,0.1069,0.158,True
2026-04-13_EXIDEIND,2026-04-13,EXIDEIND,🟢 Strong Buy,80,324.8,343.25,302.06,2026-04-27,validated,TARGET,352.35,0.0848,0.158,True
2026-04-13_FACT,2026-04-13,FACT,🟢 Strong Buy,80,852.35,884.9,792.69,2026-04-27,validated,TARGET,907.4,0.0646,0.158,True
2026-04-13_ITI,2026-04-13,ITI,🟢 Strong Buy,80,289.07,297.39,268.84,2026-04-27,validated,TARGET,299.67,0.0367,0.158,True
2026-04-13_NAVA,2026-04-13,NAVA,🟢 Strong Buy,80,608.5,647.02,565.91,2026-04-27,validated,TARGET,668.0,0.0978,0.158,True
2026-04-13_NTPCGREEN,2026-04-13,NTPCGREEN,🟢 Strong Buy,80,104.23,110.18,96.93,2026-04-27,validated,TARGET,118.86,0.1404,0.158,True
2026-04-13_OIL,2026-04-13,OIL,🟢 Strong Buy,80,477.15,492.1,458.95,2026-04-27,validated,OPEN,476.2,-0.002,0.158,False
2026-04-13_POWERGRID,2026-04-13,POWERGRID,🟢 Strong Buy,85,300.35,307.18,289.95,2026-04-27,validated,TARGET,320.9,0.0684,0.158,True
2026-04-13_SAREGAMA,2026-04-13,SAREGAMA,🟢 Strong Buy,90,330.8,357.4,311.1,2026-04-27,validated,TARGET,359.7,0.0874,0.158,True
2026-04-13_SCI,2026-04-13,SCI,🟢 Strong Buy,80,246.25,256.15,229.01,2026-04-27,validated,TARGET,290.38,0.1792,0.158,True
2026-04-13_SUNTV,2026-04-13,SUNTV,🟢 Strong Buy,85,617.6,646.9,574.37,2026-04-27,validated,TARGET,611.0,-0.0107,0.158,True
2026-04-13_ZENTEC,2026-04-13,ZENTEC,🟢 Strong Buy,80,1524.5,1655.7,1417.78,2026-04-27,validated,TARGET,1719.7,0.128,0.158,True
2026-04-20_AFFLE,2026-04-20,AFFLE,🟢 Strong Buy,80,1444.9,1527.5,1343.76,2026-05-04,validated,OPEN,1420.0,-0.0172,0.0114,False
2026-04-20_BALRAMCHIN,2026-04-20,BALRAMCHIN,🟢 Buy,73,515.7,538.48,479.6,2026-05-04,validated,TARGET,524.85,0.0177,0.0114,True
2026-04-20_BIOCON,2026-04-20,BIOCON,🟢 Strong Buy,75,359.05,395.8,340.05,2026-05-04,validated,OPEN,360.6,0.0043,0.0114,True
2026-04-20_GRANULES,2026-04-20,GRANULES,🟢 Strong Buy,80,664.45,693.5,617.94,2026-05-04,validated,TARGET,703.4,0.0586,0.0114,True
2026-04-20_GRAPHITE,2026-04-20,GRAPHITE,🟢 Buy,70,711.75,782.2,661.93,2026-05-04,validated,OPEN,708.75,-0.0042,0.0114,False
2026-04-20_IRCON,2026-04-20,IRCON,🟢 Buy,70,151.49,154.69,140.89,2026-05-04,validated,TARGET,153.92,0.016,0.0114,True
2026-04-20_LUPIN,2026-04-20,LUPIN,🟢 Strong Buy,85,2328.7,2370.1,2274.5,2026-05-04,validated,OPEN,2348.8,0.0086,0.0114,True
2026-04-20_MINDACORP,2026-04-20,MINDACORP,🟢 Strong Buy,80,537.95,559.23,501.4,2026-05-04,validated,OPEN,515.9,-0.041,0.0114,False
2026-04-20_MRPL,2026-04-20,MRPL,🟢 Strong Buy,75,180.0,206.77,170.85,2026-05-04,validated,STOP,159.47,-0.1141,0.0114,False
2026-04-20_RELIANCE,2026-04-20,RELIANCE,🟢 Strong Buy,75,1363.3,1414.4,1304.6,2026-05-04,validated,TARGET,1463.1,0.0732,0.0114,True
2026-04-20_SUZLON,2026-04-20,SUZLON,🟢 Buy,70,52.5,59.18,48.82,2026-05-04,validated,OPEN,54.96,0.0469,0.0114,True
2026-04-20_TARIL,2026-04-20,TARIL,🟢 Buy,70,321.35,355.33,298.86,2026-05-04,validated,OPEN,332.6,0.035,0.0114,True
2026-04-20_TORNTPHARM,2026-04-20,TORNTPHARM,🟢 Strong Buy,75,4191.2,4446.0,3987.2,2026-05-04,validated,OPEN,4251.8,0.0145,0.0114,True
2026-04-20_UBL,2026-04-20,UBL,🟢 Strong Buy,90,1522.3,1697.6,1454.2,2026-05-04,validated,OPEN,1463.1,-0.0389,0.0114,False
2026-04-20_UNOMINDA,2026-04-20,UNOMINDA,🟢 Buy,73,1129.4,1183.4,1050.34,2026-05-04,validated,OPEN,1109.8,-0.0174,0.0114,False
2026-04-27_CLEAN,2026-04-27,CLEAN,🟢 Buy,70,810.2,890.38,753.49,2026-05-11,validated,TARGET,861.45,0.0633,0.0197,True
2026-04-27_COALINDIA,2026-04-27,COALINDIA,🟢 Strong Buy,85,452.5,468.15,432.75,2026-05-11,validated,TARGET,464.45,0.0264,0.0197,True
2026-04-27_GESHIP,2026-04-27,GESHIP,🟢 Strong Buy,85,1424.2,1463.0,1335.3,2026-05-11,validated,TARGET,1582.3,0.111,0.0197,True
2026-04-27_IKS,2026-04-27,IKS,🟢 Strong Buy,80,1504.1,1539.7,1398.81,2026-05-11,validated,TARGET,1741.0,0.1575,0.0197,True
2026-04-27_JIOFIN,2026-04-27,JIOFIN,🟢 Strong Buy,80,253.64,268.41,235.89,2026-05-11,validated,OPEN,240.33,-0.0525,0.0197,False
2026-04-27_JYOTICNC,2026-04-27,JYOTICNC,🟢 Strong Buy,75,760.7,819.2,707.45,2026-05-11,validated,OPEN,746.55,-0.0186,0.0197,False
2026-04-27_OIL,2026-04-27,OIL,🟢 Strong Buy,85,476.2,487.67,458.95,2026-05-11,validated,TARGET,456.0,-0.0424,0.0197,True
2026-04-27_PIRAMALFIN,2026-04-27,PIRAMALFIN,🟢 Strong Buy,80,1843.1,1951.2,1714.08,2026-05-11,validated,TARGET,1964.9,0.0661,0.0197,True
2026-04-27_POLYMED,2026-04-27,POLYMED,🟢 Strong Buy,80,1495.6,1648.5,1390.91,2026-05-11,validated,TARGET,1650.8,0.1038,0.0197,True
2026-04-27_SAILIFE,2026-04-27,SAILIFE,🟢 Buy,70,1067.3,1128.62,992.59,2026-05-11,validated,OPEN,1126.2,0.0552,0.0197,True
2026-04-27_SHYAMMETL,2026-04-27,SHYAMMETL,🟢 Strong Buy,80,886.15,943.68,824.12,2026-05-11,validated,OPEN,871.8,-0.0162,0.0197,False
2026-04-27_SUNPHARMA,2026-04-27,SUNPHARMA,🟢 Strong Buy,90,1733.5,1795.4,1620.4,2026-05-11,validated,TARGET,1872.7,0.0803,0.0197,True
2026-04-27_TATATECH,2026-04-27,TATATECH,🟢 Strong Buy,80,592.8,634.6,551.3,2026-05-11,validated,OPEN,631.0,0.0644,0.0197,True
2026-04-27_USHAMART,2026-04-27,USHAMART,🟢 Buy,70,460.35,494.8,428.13,2026-05-11,validated,OPEN,477.65,0.0376,0.0197,True
2026-04-27_WIPRO,2026-04-27,WIPRO,🟢 Strong Buy,85,205.05,210.26,190.7,2026-05-11,validated,OPEN,196.68,-0.0408,0.0197,False
2026-05-04_ABFRL,2026-05-04,ABFRL,🟢 Buy,73,65.93,70.07,61.31,2026-05-18,validated,OPEN,61.96,-0.0602,-0.0049,False
2026-05-04_AJANTPHARM,2026-05-04,AJANTPHARM,🟢 Strong Buy,85,2900.7,2996.55,2709.0,2026-05-18,validated,TARGET,3214.1,0.108,-0.0049,True
2026-05-04_BAJAJ-AUTO,2026-05-04,BAJAJ-AUTO,🟢 Strong Buy,80,10132.0,10673.25,9422.76,2026-05-18,validated,TARGET,10198.5,0.0066,-0.0049,True
2026-05-04_CGCL,2026-05-04,CGCL,🟢 Strong Buy,80,194.85,207.26,181.21,2026-05-18,validated,OPEN,186.3,-0.0439,-0.0049,False
2026-05-04_CHOLAHLDNG,2026-05-04,CHOLAHLDNG,🟢 Strong Buy,80,1672.6,1810.6,1555.52,2026-05-18,validated,OPEN,1645.2,-0.0164,-0.0049,False
2026-05-04_EMCURE,2026-05-04,EMCURE,🟢 Strong Buy,80,1793.2,1912.35,1667.68,2026-05-18,validated,STOP,1686.2,-0.0597,-0.0049,False
2026-05-04_IIFL,2026-05-04,IIFL,🟢 Strong Buy,90,458.7,476.4,426.59,2026-05-18,validated,OPEN,455.85,-0.0062,-0.0049,False
2026-05-04_KPITTECH,2026-05-04,KPITTECH,🟢 Buy,73,768.55,798.9,714.75,2026-05-18,validated,STOP,707.75,-0.0791,-0.0049,False
2026-05-04_MAPMYINDIA,2026-05-04,MAPMYINDIA,🟢 Strong Buy,85,939.15,965.2,883.65,2026-05-18,validated,TARGET,939.1,-0.0001,-0.0049,True
2026-05-04_MOTILALOFS,2026-05-04,MOTILALOFS,🟢 Strong Buy,80,836.6,905.48,778.04,2026-05-18,validated,OPEN,834.3,-0.0027,-0.0049,False
2026-05-04_MSUMI,2026-05-04,MSUMI,🟢 Strong Buy,80,41.47,43.7,38.57,2026-05-18,validated,OPEN,39.23,-0.054,-0.0049,False
2026-05-04_NEULANDLAB,2026-05-04,NEULANDLAB,🟢 Strong Buy,80,16124.0,17598.0,14995.32,2026-05-18,validated,TARGET,16327.0,0.0126,-0.0049,True
2026-05-04_REDINGTON,2026-05-04,REDINGTON,🟢 Strong Buy,83,221.76,234.67,206.89,2026-05-18,validated,OPEN,218.77,-0.0135,-0.0049,False
2026-05-04_THELEELA,2026-05-04,THELEELA,🟢 Strong Buy,80,430.65,441.07,414.1,2026-05-18,validated,STOP,413.35,-0.0402,-0.0049,False
2026-05-04_USHAMART,2026-05-04,USHAMART,🟢 Strong Buy,80,463.85,493.02,431.38,2026-05-18,validated,OPEN,469.25,0.0116,-0.0049,True
2026-05-11_ACE,2026-05-11,ACE,🟢 Strong Buy,100,921.65,947.25,882.05,2026-05-25,validated,STOP,885.45,-0.0393,0.0182,False
2026-05-11_ALKEM,2026-05-11,ALKEM,🟢 Strong Buy,85,5599.5,5830.25,5235.0,2026-05-25,validated,OPEN,5400.5,-0.0355,0.0182,False
2026-05-11_ASIANPAINT,2026-05-11,ASIANPAINT,🟢 Strong Buy,100,2566.1,2689.85,2386.47,2026-05-25,validated,OPEN,2657.8,0.0357,0.0182,True
2026-05-11_CHAMBLFERT,2026-05-11,CHAMBLFERT,🟢 Strong Buy,85,452.3,464.95,438.05,2026-05-25,validated,STOP,463.45,0.0247,0.0182,False
2026-05-11_CYIENT,2026-05-11,CYIENT,🟢 Strong Buy,85,919.75,967.3,855.37,2026-05-25,validated,OPEN,918.05,-0.0018,0.0182,False
2026-05-11_HDFCLIFE,2026-05-11,HDFCLIFE,🟢 Strong Buy,100,622.7,640.45,586.9,2026-05-25,validated,OPEN,620.0,-0.0043,0.0182,False
2026-05-11_HEXT,2026-05-11,HEXT,🟢 Strong Buy,100,502.25,531.0,467.09,2026-05-25,validated,OPEN,506.15,0.0078,0.0182,True
2026-05-11_HYUNDAI,2026-05-11,HYUNDAI,🟢 Strong Buy,100,1906.9,1987.25,1773.42,2026-05-25,validated,OPEN,1880.9,-0.0136,0.0182,False
2026-05-11_ICICIGI,2026-05-11,ICICIGI,🟢 Strong Buy,100,1828.6,1891.6,1756.8,2026-05-25,validated,OPEN,1854.3,0.0141,0.0182,True
2026-05-11_IIFL,2026-05-11,IIFL,🟢 Strong Buy,85,462.35,476.4,429.99,2026-05-25,validated,TARGET,481.9,0.0423,0.0182,True
2026-05-11_PERSISTENT,2026-05-11,PERSISTENT,🟢 Strong Buy,85,5098.1,5500.5,4747.3,2026-05-25,validated,STOP,5038.0,-0.0118,0.0182,False
2026-05-11_PFIZER,2026-05-11,PFIZER,🟢 Strong Buy,85,4875.4,5016.25,4679.0,2026-05-25,validated,STOP,4689.2,-0.0382,0.0182,False
2026-05-11_RAINBOW,2026-05-11,RAINBOW,🟢 Strong Buy,100,1294.5,1325.8,1241.9,2026-05-25,validated,TARGET,1350.0,0.0429,0.0182,True
2026-05-11_SBFC,2026-05-11,SBFC,🟢 Strong Buy,100,97.4,100.63,92.31,2026-05-25,validated,STOP,93.21,-0.043,0.0182,False
2026-05-11_SBILIFE,2026-05-11,SBILIFE,🟢 Strong Buy,85,1884.4,1982.5,1768.9,2026-05-25,validated,OPEN,1901.9,0.0093,0.0182,True
2026-05-18_CHALET,2026-05-18,CHALET,🟢 Strong Buy,80,789.85,809.95,744.0,2026-06-01,validated,OPEN,780.25,-0.0122,0.0132,False
2026-05-18_CHAMBLFERT,2026-05-18,CHAMBLFERT,🟢 Strong Buy,80,457.3,477.48,425.29,2026-06-01,validated,TARGET,469.45,0.0266,0.0132,True
2026-05-18_CIPLA,2026-05-18,CIPLA,🟢 Strong Buy,80,1426.2,1528.3,1326.37,2026-06-01,validated,OPEN,1390.3,-0.0252,0.0132,False
2026-05-18_DRREDDY,2026-05-18,DRREDDY,🟢 Strong Buy,100,1331.2,1400.0,1238.02,2026-06-01,validated,OPEN,1290.4,-0.0306,0.0132,False
2026-05-18_GESHIP,2026-05-18,GESHIP,🟢 Strong Buy,80,1696.5,1842.55,1577.74,2026-06-01,validated,STOP,1467.7,-0.1349,0.0132,False
2026-05-18_JPPOWER,2026-05-18,JPPOWER,🟢 Buy,73,19.05,20.2,17.72,2026-06-01,validated,TARGET,18.79,-0.0136,0.0132,True
2026-05-18_JSWSTEEL,2026-05-18,JSWSTEEL,🟢 Strong Buy,80,1292.8,1315.1,1252.3,2026-06-01,validated,OPEN,1299.4,0.0051,0.0132,True
2026-05-18_KIRLOSENG,2026-05-18,KIRLOSENG,🟢 Strong Buy,80,1700.0,1740.2,1581.0,2026-06-01,validated,TARGET,1918.5,0.1285,0.0132,True
2026-05-18_OIL,2026-05-18,OIL,🟢 Strong Buy,80,506.05,518.3,470.63,2026-06-01,validated,OPEN,482.75,-0.046,0.0132,False
2026-05-18_PATANJALI,2026-05-18,PATANJALI,🟢 Strong Buy,83,456.75,472.1,441.05,2026-06-01,validated,OPEN,449.25,-0.0164,0.0132,False
2026-05-18_PFIZER,2026-05-18,PFIZER,🟢 Strong Buy,85,4859.3,4960.7,4613.5,2026-06-01,validated,STOP,4515.3,-0.0708,0.0132,False
2026-05-18_SAREGAMA,2026-05-18,SAREGAMA,🟢 Strong Buy,80,392.35,415.75,364.89,2026-06-01,validated,TARGET,459.75,0.1718,0.0132,True
2026-05-18_TMPV,2026-05-18,TMPV,🟢 Strong Buy,80,353.15,361.85,336.85,2026-06-01,validated,TARGET,384.9,0.0899,0.0132,True
2026-05-18_WELSPUNLIV,2026-05-18,WELSPUNLIV,🟢 Strong Buy,80,138.67,144.7,128.96,2026-06-01,validated,TARGET,145.13,0.0466,0.0132,True
2026-05-18_ZYDUSLIFE,2026-05-18,ZYDUSLIFE,🟢 Strong Buy,80,991.1,1011.7,921.72,2026-06-01,validated,TARGET,1091.2,0.101,0.0132,True
2026-05-20_BIKAJI,2026-05-20,BIKAJI,🟢 Strong Buy,80,676.8,690.85,648.35,2026-06-03,validated,STOP,649.3,-0.0406,0.0052,False
2026-05-20_ELGIEQUIP,2026-05-20,ELGIEQUIP,🟢 Strong Buy,80,565.25,588.92,525.68,2026-06-03,validated,TARGET,601.2,0.0636,0.0052,True
2026-05-20_GESHIP,2026-05-20,GESHIP,🟢 Strong Buy,80,1665.4,1715.9,1548.82,2026-06-03,validated,TARGET,1480.2,-0.1112,0.0052,True
2026-05-20_IGIL,2026-05-20,IGIL,🟢 Strong Buy,80,352.3,372.85,327.64,2026-06-03,validated,TARGET,360.1,0.0221,0.0052,True
2026-05-20_IIFL,2026-05-20,IIFL,🟢 Strong Buy,85,464.0,476.4,431.52,2026-06-03,validated,TARGET,498.8,0.075,0.0052,True
2026-05-20_INFY,2026-05-20,INFY,🟢 Strong Buy,90,1193.7,1331.6,1110.14,2026-06-03,validated,OPEN,1222.6,0.0242,0.0052,True
2026-05-20_LATENTVIEW,2026-05-20,LATENTVIEW,🟢 Strong Buy,80,317.95,325.25,295.69,2026-06-03,validated,TARGET,314.05,-0.0123,0.0052,True
2026-05-20_PATANJALI,2026-05-20,PATANJALI,🟢 Strong Buy,80,467.15,482.67,441.05,2026-06-03,validated,OPEN,441.65,-0.0546,0.0052,False
2026-05-20_PCBL,2026-05-20,PCBL,🟢 Strong Buy,80,292.65,309.5,272.16,2026-06-03,validated,OPEN,290.9,-0.006,0.0052,False
2026-05-20_REDINGTON,2026-05-20,REDINGTON,🟢 Strong Buy,80,224.18,234.67,210.05,2026-06-03,validated,TARGET,242.25,0.0806,0.0052,True
2026-05-20_SAILIFE,2026-05-20,SAILIFE,🟢 Strong Buy,80,1141.3,1199.47,1061.41,2026-06-03,validated,OPEN,1137.7,-0.0032,0.0052,False
2026-05-20_SAREGAMA,2026-05-20,SAREGAMA,🟢 Strong Buy,80,406.5,415.75,378.04,2026-06-03,validated,TARGET,462.3,0.1373,0.0052,True
2026-05-20_TIMKEN,2026-05-20,TIMKEN,🟢 Strong Buy,80,3656.2,3777.35,3413.9,2026-06-03,validated,OPEN,3491.9,-0.0449,0.0052,False
2026-05-20_TMPV,2026-05-20,TMPV,🟢 Strong Buy,80,361.25,373.75,336.85,2026-06-03,validated,TARGET,398.15,0.1021,0.0052,True
2026-05-20_TRITURBINE,2026-05-20,TRITURBINE,🟢 Strong Buy,80,656.55,706.6,610.59,2026-06-03,validated,TARGET,668.85,0.0187,0.0052,True
2026-05-25_ASAHIINDIA,2026-05-25,ASAHIINDIA,🟢 Strong Buy,85,853.05,884.97,802.7,2026-06-08,validated,TARGET,877.4,0.0285,-0.0185,True
2026-05-25_ASTRAL,2026-05-25,ASTRAL,🟢 Strong Buy,90,1552.3,1631.0,1443.7,2026-06-08,validated,OPEN,1511.2,-0.0265,-0.0185,False
2026-05-25_ATGL,2026-05-25,ATGL,🟢 Strong Buy,100,659.15,693.08,613.01,2026-06-08,validated,TARGET,734.2,0.1139,-0.0185,True
2026-05-25_BAJAJFINSV,2026-05-25,BAJAJFINSV,🟢 Strong Buy,85,1807.4,1851.4,1728.1,2026-06-08,validated,STOP,1674.6,-0.0735,-0.0185,False
2026-05-25_BAJAJHLDNG,2026-05-25,BAJAJHLDNG,🟢 Strong Buy,85,10642.0,10950.5,10025.0,2026-06-08,validated,STOP,9868.0,-0.0727,-0.0185,False
2026-05-25_BALKRISIND,2026-05-25,BALKRISIND,🟢 Strong Buy,85,2219.1,2342.4,2105.1,2026-06-08,validated,STOP,2094.6,-0.0561,-0.0185,False
2026-05-25_BBTC,2026-05-25,BBTC,🟢 Strong Buy,85,1546.6,1595.95,1465.6,2026-06-08,validated,OPEN,1482.2,-0.0416,-0.0185,False
2026-05-25_EICHERMOT,2026-05-25,EICHERMOT,🟢 Strong Buy,100,7414.0,7696.25,6895.02,2026-06-08,validated,OPEN,7050.0,-0.0491,-0.0185,False
2026-05-25_IDBI,2026-05-25,IDBI,🟢 Strong Buy,93,73.04,77.54,69.5,2026-06-08,validated,OPEN,71.85,-0.0163,-0.0185,False
2026-05-25_IOC,2026-05-25,IOC,🟢 Strong Buy,93,143.95,148.21,133.87,2026-06-08,validated,OPEN,135.6,-0.058,-0.0185,False
2026-05-25_KPITTECH,2026-05-25,KPITTECH,🟢 Strong Buy,85,756.6,772.5,703.7,2026-06-08,validated,TARGET,755.3,-0.0017,-0.0185,True
2026-05-25_LENSKART,2026-05-25,LENSKART,🟢 Strong Buy,90,503.75,549.2,469.25,2026-06-08,validated,OPEN,504.65,0.0018,-0.0185,True
2026-05-25_MPHASIS,2026-05-25,MPHASIS,🟢 Strong Buy,85,2244.0,2462.2,2086.92,2026-06-08,validated,OPEN,2334.1,0.0402,-0.0185,True
2026-05-25_PETRONET,2026-05-25,PETRONET,🟢 Strong Buy,85,282.25,292.35,263.6,2026-06-08,validated,OPEN,267.35,-0.0528,-0.0185,False
2026-05-25_TECHM,2026-05-25,TECHM,🟢 Strong Buy,85,1435.5,1511.4,1343.4,2026-06-08,validated,TARGET,1503.4,0.0473,-0.0185,True
2026-05-27_3MINDIA,2026-05-27,3MINDIA,🟢 Strong Buy,100,33225.0,34540.0,31000.0,2026-06-10,validated,OPEN,31580.0,-0.0495,-0.0172,False
2026-05-27_ARE&M,2026-05-27,ARE&M,🟢 Strong Buy,100,905.95,958.03,842.53,2026-06-10,validated,STOP,811.05,-0.1048,-0.0172,False
2026-05-27_BAYERCROP,2026-05-27,BAYERCROP,🟢 Strong Buy,90,4615.8,4931.1,4300.0,2026-06-10,validated,STOP,4298.4,-0.0688,-0.0172,False
2026-05-27_EICHERMOT,2026-05-27,EICHERMOT,🟢 Strong Buy,93,7419.0,7703.75,6899.67,2026-06-10,validated,OPEN,7219.5,-0.0269,-0.0172,False
2026-05-27_FACT,2026-05-27,FACT,🟢 Strong Buy,100,923.4,958.3,862.4,2026-06-10,validated,OPEN,901.35,-0.0239,-0.0172,False
2026-05-27_GAIL,2026-05-27,GAIL,🟢 Strong Buy,100,169.0,175.68,157.17,2026-06-10,validated,OPEN,168.01,-0.0059,-0.0172,False
2026-05-27_IGL,2026-05-27,IGL,🟢 Strong Buy,100,164.61,169.84,153.09,2026-06-10,validated,OPEN,162.17,-0.0148,-0.0172,False
2026-05-27_INDIGO,2026-05-27,INDIGO,🟢 Strong Buy,93,4570.0,4693.1,4250.1,2026-06-10,validated,OPEN,4524.9,-0.0099,-0.0172,False
2026-05-27_ITI,2026-05-27,ITI,🟢 Strong Buy,100,301.4,312.65,283.0,2026-06-10,validated,OPEN,293.75,-0.0254,-0.0172,False
2026-05-27_JKTYRE,2026-05-27,JKTYRE,🟢 Strong Buy,100,413.3,428.4,384.37,2026-06-10,validated,STOP,363.7,-0.12,-0.0172,False
2026-05-27_JWL,2026-05-27,JWL,🟢 Strong Buy,100,298.5,315.15,277.6,2026-06-10,validated,STOP,270.85,-0.0926,-0.0172,False
2026-05-27_NBCC,2026-05-27,NBCC,🟢 Strong Buy,93,99.1,103.6,92.16,2026-06-10,validated,TARGET,103.0,0.0394,-0.0172,True
2026-05-27_RHIM,2026-05-27,RHIM,🟢 Strong Buy,100,414.4,431.2,385.39,2026-06-10,validated,STOP,368.85,-0.1099,-0.0172,False
2026-05-27_TITAGARH,2026-05-27,TITAGARH,🟢 Strong Buy,100,847.2,901.0,787.9,2026-06-10,validated,OPEN,833.75,-0.0159,-0.0172,False
2026-05-27_TRAVELFOOD,2026-05-27,TRAVELFOOD,🟢 Strong Buy,90,1221.9,1310.9,1136.37,2026-06-10,validated,OPEN,1235.7,0.0113,-0.0172,True
2026-06-01_AFCONS,2026-06-01,AFCONS,🟢 Strong Buy,85,331.35,346.0,308.16,2026-06-15,validated,OPEN,325.15,-0.0187,0.0247,False
2026-06-01_ANANTRAJ,2026-06-01,ANANTRAJ,🟢 Strong Buy,80,538.65,560.85,500.94,2026-06-15,validated,TARGET,537.3,-0.0025,0.0247,True
2026-06-01_APARINDS,2026-06-01,APARINDS,🟢 Strong Buy,80,12801.0,13426.0,12154.0,2026-06-15,validated,TARGET,15986.0,0.2488,0.0247,True
2026-06-01_BANDHANBNK,2026-06-01,BANDHANBNK,🟢 Strong Buy,80,207.14,216.41,192.64,2026-06-15,validated,OPEN,210.88,0.0181,0.0247,True
2026-06-01_COALINDIA,2026-06-01,COALINDIA,🟢 Strong Buy,80,472.6,486.3,454.05,2026-06-15,validated,STOP,444.05,-0.0604,0.0247,False
2026-06-01_ERIS,2026-06-01,ERIS,🟢 Strong Buy,85,1378.4,1458.2,1330.6,2026-06-15,validated,OPEN,1384.4,0.0044,0.0247,True
2026-06-01_HBLENGINE,2026-06-01,HBLENGINE,🟢 Strong Buy,80,798.15,854.65,745.8,2026-06-15,validated,OPEN,793.1,-0.0063,0.0247,False
2026-06-01_HYUNDAI,2026-06-01,HYUNDAI,🟢 Strong Buy,80,1882.4,1924.0,1780.3,2026-06-15,validated,TARGET,2030.1,0.0785,0.0247,True
2026-06-01_KAJARIACER,2026-06-01,KAJARIACER,🟢 Strong Buy,80,1101.7,1236.25,1047.6,2026-06-15,validated,OPEN,1106.2,0.0041,0.0247,True
2026-06-01_KPRMILL,2026-06-01,KPRMILL,🟢 Strong Buy,80,992.05,1041.97,922.61,2026-06-15,validated,TARGET,1055.45,0.0639,0.0247,True
2026-06-01_NATIONALUM,2026-06-01,NATIONALUM,🟢 Strong Buy,80,434.2,458.42,403.81,2026-06-15,validated,STOP,382.35,-0.1194,0.0247,False
2026-06-01_NUVOCO,2026-06-01,NUVOCO,🟢 Strong Buy,80,341.9,368.48,317.97,2026-06-15,validated,STOP,313.7,-0.0825,0.0247,False
2026-06-01_PTCIL,2026-06-01,PTCIL,🟢 Strong Buy,80,18489.0,19876.5,17194.77,2026-06-15,validated,OPEN,18656.0,0.009,0.0247,True
2026-06-01_WAAREEENER,2026-06-01,WAAREEENER,🟢 Strong Buy,83,3096.1,3502.9,2984.2,2026-06-15,validated,OPEN,3050.9,-0.0146,0.0247,False
2026-06-01_ZEEL,2026-06-01,ZEEL,🟢 Strong Buy,80,95.79,102.62,89.08,2026-06-15,validated,TARGET,108.49,0.1326,0.0247,True
2026-06-03_ATHERENERG,2026-06-03,ATHERENERG,🟢 Strong Buy,80,1022.05,1091.18,950.51,2026-06-17,validated,OPEN,990.2,-0.0312,0.0326,False
2026-06-03_BALKRISIND,2026-06-03,BALKRISIND,🟢 Strong Buy,100,2200.4,2265.4,2105.1,2026-06-17,validated,STOP,2256.0,0.0253,0.0326,False
2026-06-03_BOSCHLTD,2026-06-03,BOSCHLTD,🟢 Strong Buy,80,37760.0,39227.5,35210.0,2026-06-17,validated,TARGET,39230.0,0.0389,0.0326,True
2026-06-03_CARTRADE,2026-06-03,CARTRADE,🟢 Strong Buy,80,1961.7,2092.35,1824.38,2026-06-17,validated,TARGET,2614.9,0.333,0.0326,True
2026-06-03_CLEAN,2026-06-03,CLEAN,🟢 Strong Buy,100,793.5,893.1,745.45,2026-06-17,validated,STOP,778.65,-0.0187,0.0326,False
2026-06-03_COALINDIA,2026-06-03,COALINDIA,🟢 Strong Buy,80,472.3,486.0,454.05,2026-06-17,validated,STOP,455.75,-0.035,0.0326,False
2026-06-03_CONCORDBIO,2026-06-03,CONCORDBIO,🟢 Strong Buy,80,1201.5,1286.9,1117.4,2026-06-17,validated,TARGET,1340.0,0.1153,0.0326,True
2026-06-03_ERIS,2026-06-03,ERIS,🟢 Strong Buy,85,1397.1,1458.2,1330.6,2026-06-17,validated,OPEN,1411.1,0.01,0.0326,True
2026-06-03_GMRAIRPORT,2026-06-03,GMRAIRPORT,🟢 Strong Buy,80,98.78,101.32,94.21,2026-06-17,validated,TARGET,109.32,0.1067,0.0326,True
2026-06-03_INDGN,2026-06-03,INDGN,🟢 Strong Buy,80,519.95,544.5,508.55,2026-06-17,validated,STOP,515.9,-0.0078,0.0326,False
2026-06-03_MRPL,2026-06-03,MRPL,🟢 Strong Buy,85,154.16,187.01,144.96,2026-06-17,validated,OPEN,161.07,0.0448,0.0326,True
2026-06-03_PTCIL,2026-06-03,PTCIL,🟢 Strong Buy,80,18919.0,19380.0,17594.67,2026-06-17,validated,OPEN,17771.0,-0.0607,0.0326,False
2026-06-03_SBFC,2026-06-03,SBFC,🟢 Strong Buy,100,92.87,98.77,90.4,2026-06-17,validated,STOP,92.16,-0.0076,0.0326,False
2026-06-03_SWANCORP,2026-06-03,SWANCORP,🟢 Strong Buy,83,324.95,355.4,312.65,2026-06-17,validated,STOP,316.05,-0.0274,0.0326,False
2026-06-03_ZEEL,2026-06-03,ZEEL,🟢 Strong Buy,80,94.5,101.33,87.88,2026-06-17,validated,TARGET,109.97,0.1637,0.0326,True
2026-06-08_ABSLAMC,2026-06-08,ABSLAMC,🟢 Strong Buy,85,1044.2,1088.6,987.2,2026-06-22,validated,TARGET,1180.4,0.1304,0.0569,True
2026-06-08_BALRAMCHIN,2026-06-08,BALRAMCHIN,🟢 Strong Buy,80,550.4,568.22,514.8,2026-06-22,validated,OPEN,536.6,-0.0251,0.0569,False
2026-06-08_CANHLIFE,2026-06-08,CANHLIFE,🟢 Buy,70,140.04,146.17,134.59,2026-06-22,validated,OPEN,143.37,0.0238,0.0569,True
2026-06-08_CARTRADE,2026-06-08,CARTRADE,🟢 Strong Buy,80,2069.8,2254.5,1924.91,2026-06-22,validated,TARGET,2571.3,0.2423,0.0569,True
2026-06-08_CCL,2026-06-08,CCL,🟢 Strong Buy,80,1173.0,1207.8,1090.89,2026-06-22,validated,OPEN,1148.7,-0.0207,0.0569,False
2026-06-08_ENGINERSIN,2026-06-08,ENGINERSIN,🟢 Strong Buy,85,239.37,262.35,222.61,2026-06-22,validated,OPEN,258.5,0.0799,0.0569,True
2026-06-08_IPCALAB,2026-06-08,IPCALAB,🟢 Strong Buy,100,1649.4,1732.3,1533.94,2026-06-22,validated,OPEN,1597.3,-0.0316,0.0569,False
2026-06-08_MEDANTA,2026-06-08,MEDANTA,🟢 Buy,73,1210.4,1249.3,1168.8,2026-06-22,validated,TARGET,1288.1,0.0642,0.0569,True
2026-06-08_MMTC,2026-06-08,MMTC,🟢 Strong Buy,80,65.35,68.31,61.87,2026-06-22,validated,TARGET,75.18,0.1504,0.0569,True
2026-06-08_OLECTRA,2026-06-08,OLECTRA,🟢 Buy,73,1240.0,1370.0,1180.0,2026-06-22,validated,TARGET,1523.2,0.2284,0.0569,True
2026-06-08_PWL,2026-06-08,PWL,🟢 Buy,73,105.53,113.85,98.14,2026-06-22,validated,TARGET,126.16,0.1955,0.0569,True
2026-06-08_SAPPHIRE,2026-06-08,SAPPHIRE,🟢 Buy,73,177.29,207.42,172.8,2026-06-22,validated,STOP,191.96,0.0827,0.0569,False
2026-06-08_SYNGENE,2026-06-08,SYNGENE,🟢 Buy,73,449.5,482.5,434.25,2026-06-22,validated,OPEN,443.4,-0.0136,0.0569,False
2026-06-08_VIJAYA,2026-06-08,VIJAYA,🟢 Strong Buy,80,1307.6,1372.4,1220.4,2026-06-22,validated,OPEN,1325.3,0.0135,0.0569,True
2026-06-08_VOLTAS,2026-06-08,VOLTAS,🟢 Strong Buy,83,1276.2,1511.1,1228.4,2026-06-22,validated,OPEN,1354.0,0.061,0.0569,True
2026-06-15_AAVAS,2026-06-15,AAVAS,🟢 Strong Buy,100,1405.2,1445.8,1306.84,2026-06-29,validated,TARGET,1483.8,0.0559,0.0069,True
2026-06-15_AFCONS,2026-06-15,AFCONS,🟢 Strong Buy,100,325.15,346.0,302.39,2026-06-29,validated,OPEN,315.85,-0.0286,0.0069,False
2026-06-15_BANKBARODA,2026-06-15,BANKBARODA,🟢 Strong Buy,93,276.05,284.45,259.25,2026-06-29,validated,TARGET,272.8,-0.0118,0.0069,True
2026-06-15_BANKINDIA,2026-06-15,BANKINDIA,🟢 Strong Buy,93,146.23,151.72,136.74,2026-06-29,validated,OPEN,142.55,-0.0252,0.0069,False
2026-06-15_BBTC,2026-06-15,BBTC,🟢 Strong Buy,93,1523.5,1564.3,1482.2,2026-06-29,validated,TARGET,1546.3,0.015,0.0069,True
2026-06-15_BLS,2026-06-15,BLS,🟢 Strong Buy,90,263.9,291.9,250.85,2026-06-29,validated,OPEN,255.25,-0.0328,0.0069,False
2026-06-15_BLUEJET,2026-06-15,BLUEJET,🟢 Strong Buy,100,504.3,541.95,469.0,2026-06-29,validated,OPEN,516.3,0.0238,0.0069,True
2026-06-15_CHAMBLFERT,2026-06-15,CHAMBLFERT,🟢 Strong Buy,93,474.1,491.08,444.2,2026-06-29,validated,OPEN,474.25,0.0003,0.0069,True
2026-06-15_CHOICEIN,2026-06-15,CHOICEIN,🟢 Strong Buy,100,702.25,732.98,653.09,2026-06-29,validated,TARGET,745.2,0.0612,0.0069,True
2026-06-15_CRISIL,2026-06-15,CRISIL,🟢 Strong Buy,90,3982.1,4213.7,3806.0,2026-06-29,validated,TARGET,4076.3,0.0237,0.0069,True
2026-06-15_FACT,2026-06-15,FACT,🟢 Strong Buy,100,906.05,935.0,865.5,2026-06-29,validated,TARGET,869.6,-0.0402,0.0069,True
2026-06-15_HOMEFIRST,2026-06-15,HOMEFIRST,🟢 Strong Buy,85,1115.5,1226.6,1037.42,2026-06-29,validated,OPEN,1167.9,0.047,0.0069,True
2026-06-15_PIIND,2026-06-15,PIIND,🟢 Strong Buy,90,2834.5,3124.6,2680.8,2026-06-29,validated,STOP,2559.8,-0.0969,0.0069,False
2026-06-15_PWL,2026-06-15,PWL,🟢 Strong Buy,85,108.52,113.85,100.92,2026-06-29,validated,TARGET,123.69,0.1398,0.0069,True
2026-06-15_ZFCVINDIA,2026-06-15,ZFCVINDIA,🟢 Strong Buy,85,15092.0,15530.0,14216.0,2026-06-29,validated,TARGET,2686.0,-0.822,0.0069,True
2026-06-26_CIPLA,2026-06-26,CIPLA,🟢 Strong Buy,80,1440.1,1484.75,1350.8,,pending,,,,,
2026-06-26_COHANCE,2026-06-26,COHANCE,🟢 Strong Buy,80,458.05,486.6,425.99,,pending,,,,,
2026-06-26_HONASA,2026-06-26,HONASA,🟢 Strong Buy,80,417.7,427.48,400.4,,pending,,,,,
2026-06-26_IPCALAB,2026-06-26,IPCALAB,🟢 Strong Buy,85,1618.3,1656.2,1505.02,,pending,,,,,
2026-06-26_JSWCEMENT,2026-06-26,JSWCEMENT,🟢 Buy,73,133.55,137.99,124.64,,pending,,,,,
2026-06-26_LODHA,2026-06-26,LODHA,🟢 Strong Buy,80,947.45,990.18,881.13,,pending,,,,,
2026-06-26_MARUTI,2026-06-26,MARUTI,🟢 Buy,73,13745.0,14191.5,12912.0,,pending,,,,,
2026-06-26_MSUMI,2026-06-26,MSUMI,🟢 Strong Buy,80,41.26,43.7,38.37,,pending,,,,,
2026-06-26_PAGEIND,2026-06-26,PAGEIND,🟢 Strong Buy,80,40950.0,42812.5,38083.5,,pending,,,,,
2026-06-26_PPLPHARMA,2026-06-26,PPLPHARMA,🟢 Strong Buy,90,167.69,179.46,158.51,,pending,,,,,
2026-06-26_RAMCOCEM,2026-06-26,RAMCOCEM,🟢 Strong Buy,80,919.1,953.15,854.76,,pending,,,,,
2026-06-26_UNOMINDA,2026-06-26,UNOMINDA,🟢 Buy,73,1136.5,1178.2,1056.95,,pending,,,,,
2026-06-26_VIJAYA,2026-06-26,VIJAYA,🟢 Strong Buy,80,1367.8,1433.55,1272.05,,pending,,,,,
2026-06-26_ZYDUSLIFE,2026-06-26,ZYDUSLIFE,🟢 Buy,73,1101.4,1126.8,1061.4,,pending,,,,,
2026-06-26_ZYDUSWELL,2026-06-26,ZYDUSWELL,🟢 Strong Buy,80,518.1,536.55,494.4,,pending,,,,,
2026-07-03_CANHLIFE,2026-07-03,CANHLIFE,🟢 Strong Buy,100,142.24,146.51,137.0,,pending,,,,,
2026-07-03_BALRAMCHIN,2026-07-03,BALRAMCHIN,🟢 Strong Buy,93,562.45,582.5,529.55,,pending,,,,,
2026-07-03_PFIZER,2026-07-03,PFIZER,🟢 Strong Buy,90,4568.6,4689.2,4431.54,,pending,,,,,
2026-07-03_CYIENT,2026-07-03,CYIENT,🟢 Strong Buy,85,890.35,925.6,851.91,,pending,,,,,
2026-07-03_VMM,2026-07-03,VMM,🟢 Strong Buy,85,120.57,123.56,115.83,,pending,,,,,
2026-07-03_AARTIIND,2026-07-03,AARTIIND,🟢 Strong Buy,85,487.7,500.75,453.56,,pending,,,,,
2026-07-03_GROWW,2026-07-03,GROWW,🟢 Strong Buy,85,206.5,215.24,195.77,,pending,,,,,
2026-07-03_JSL,2026-07-03,JSL,🟢 Strong Buy,83,698.15,731.9,666.12,,pending,,,,,
2026-07-03_HCLTECH,2026-07-03,HCLTECH,🟢 Strong Buy,83,1139.0,1243.5,1073.28,,pending,,,,,
2026-07-03_AWL,2026-07-03,AWL,🟢 Strong Buy,83,191.11,197.27,182.03,,pending,,,,,
2026-07-03_ABBOTINDIA,2026-07-03,ABBOTINDIA,🟢 Strong Buy,83,25895.0,27735.0,25295.0,,pending,,,,,
2026-07-03_AUBANK,2026-07-03,AUBANK,🟢 Strong Buy,80,1058.4,1112.55,1006.71,,pending,,,,,
2026-07-03_APTUS,2026-07-03,APTUS,🟢 Strong Buy,80,287.85,306.05,272.76,,pending,,,,,
2026-07-03_SUMICHEM,2026-07-03,SUMICHEM,🟢 Strong Buy,80,502.3,543.5,467.14,,pending,,,,,
2026-07-03_SAMMAANCAP,2026-07-03,SAMMAANCAP,🟢 Strong Buy,80,175.64,184.28,167.64,,pending,,,,,
